sample	strainID	genus	species	count
04ANA	HAMBI-0097	Acinetobacter	lwoffii	234
04ANA	HAMBI-0105	Agrobacterium	tumefaciens	602
04ANA	HAMBI-0216	Azorhizobium	caulinodans	3
04ANA	HAMBI-0262	Brevundimonas	bullata	72
04ANA	HAMBI-0403	Comamonas	testosteroni	4051
04ANA	HAMBI-1279	Hafnia	alvei	2144
04ANA	HAMBI-1287	Citrobacter	koseri	143788
04ANA	HAMBI-1292	Morganella	morganii	11380
04ANA	HAMBI-1299	Kluyvera	intermedia	41496
04ANA	HAMBI-1842	Sphingobium	yanoikuyae	1
04ANA	HAMBI-1874	Sphingobacterium	multivorum	8
04ANA	HAMBI-1896	Sphingobacterium	spiritivorum	7
04ANA	HAMBI-1923	Myroides	odoratus	1503
04ANA	HAMBI-1966	Chitinophaga	filiformis	0
04ANA	HAMBI-1972	Aeromonas	caviae	98131
04ANA	HAMBI-1988	Chitinophaga	sancti	4
04ANA	HAMBI-1992	Phyllobacterium	myrsinacearum	266
04ANA	HAMBI-2159	Paraburkholderia	caryophylli	45
04ANA	HAMBI-2160	Bordetella	avium	1268
04ANA	HAMBI-2164	Cupriavidus	necator	354
04ANA	HAMBI-2443	Paracoccus	denitrificans	0
04ANA	HAMBI-2467	Thermomonas	haemolytica	0
04ANA	HAMBI-2494	Paraburkholderia	kururiensis	422
04ANA	HAMBI-2659	Stenotrophomonas	maltophilia	4444
04ANA	HAMBI-2792	Moraxella	canis	22
04ANA	HAMBI-3031	Niabella	yanshanensis	0
04ANA	HAMBI-3172	Azospirillum	brasilense	146
04ANA	HAMBI-3237	Microvirga	lotononidis	10
04ANA	JE2571RP4	Escherichia	coli	71
04ANA	PsFluSBW25	Pseudomonas	fluorescens	5955
04ANB	HAMBI-0097	Acinetobacter	lwoffii	360
04ANB	HAMBI-0105	Agrobacterium	tumefaciens	366
04ANB	HAMBI-0216	Azorhizobium	caulinodans	3
04ANB	HAMBI-0262	Brevundimonas	bullata	95
04ANB	HAMBI-0403	Comamonas	testosteroni	5879
04ANB	HAMBI-1279	Hafnia	alvei	2327
04ANB	HAMBI-1287	Citrobacter	koseri	174422
04ANB	HAMBI-1292	Morganella	morganii	15316
04ANB	HAMBI-1299	Kluyvera	intermedia	48424
04ANB	HAMBI-1842	Sphingobium	yanoikuyae	2
04ANB	HAMBI-1874	Sphingobacterium	multivorum	24
04ANB	HAMBI-1896	Sphingobacterium	spiritivorum	14
04ANB	HAMBI-1923	Myroides	odoratus	2369
04ANB	HAMBI-1966	Chitinophaga	filiformis	2
04ANB	HAMBI-1972	Aeromonas	caviae	125267
04ANB	HAMBI-1988	Chitinophaga	sancti	5
04ANB	HAMBI-1992	Phyllobacterium	myrsinacearum	287
04ANB	HAMBI-2159	Paraburkholderia	caryophylli	86
04ANB	HAMBI-2160	Bordetella	avium	1486
04ANB	HAMBI-2164	Cupriavidus	necator	481
04ANB	HAMBI-2443	Paracoccus	denitrificans	6
04ANB	HAMBI-2467	Thermomonas	haemolytica	3
04ANB	HAMBI-2494	Paraburkholderia	kururiensis	563
04ANB	HAMBI-2659	Stenotrophomonas	maltophilia	7158
04ANB	HAMBI-2792	Moraxella	canis	34
04ANB	HAMBI-3031	Niabella	yanshanensis	0
04ANB	HAMBI-3172	Azospirillum	brasilense	225
04ANB	HAMBI-3237	Microvirga	lotononidis	4
04ANB	JE2571RP4	Escherichia	coli	85
04ANB	PsFluSBW25	Pseudomonas	fluorescens	8492
04ANC	HAMBI-0097	Acinetobacter	lwoffii	521
04ANC	HAMBI-0105	Agrobacterium	tumefaciens	269
04ANC	HAMBI-0216	Azorhizobium	caulinodans	3
04ANC	HAMBI-0262	Brevundimonas	bullata	118
04ANC	HAMBI-0403	Comamonas	testosteroni	6593
04ANC	HAMBI-1279	Hafnia	alvei	2398
04ANC	HAMBI-1287	Citrobacter	koseri	165875
04ANC	HAMBI-1292	Morganella	morganii	13925
04ANC	HAMBI-1299	Kluyvera	intermedia	50285
04ANC	HAMBI-1842	Sphingobium	yanoikuyae	3
04ANC	HAMBI-1874	Sphingobacterium	multivorum	26
04ANC	HAMBI-1896	Sphingobacterium	spiritivorum	17
04ANC	HAMBI-1923	Myroides	odoratus	2967
04ANC	HAMBI-1966	Chitinophaga	filiformis	2
04ANC	HAMBI-1972	Aeromonas	caviae	133481
04ANC	HAMBI-1988	Chitinophaga	sancti	3
04ANC	HAMBI-1992	Phyllobacterium	myrsinacearum	325
04ANC	HAMBI-2159	Paraburkholderia	caryophylli	73
04ANC	HAMBI-2160	Bordetella	avium	1429
04ANC	HAMBI-2164	Cupriavidus	necator	589
04ANC	HAMBI-2443	Paracoccus	denitrificans	2
04ANC	HAMBI-2467	Thermomonas	haemolytica	5
04ANC	HAMBI-2494	Paraburkholderia	kururiensis	606
04ANC	HAMBI-2659	Stenotrophomonas	maltophilia	6842
04ANC	HAMBI-2792	Moraxella	canis	42
04ANC	HAMBI-3031	Niabella	yanshanensis	1
04ANC	HAMBI-3172	Azospirillum	brasilense	210
04ANC	HAMBI-3237	Microvirga	lotononidis	9
04ANC	JE2571RP4	Escherichia	coli	90
04ANC	PsFluSBW25	Pseudomonas	fluorescens	9596
04AYA	HAMBI-0097	Acinetobacter	lwoffii	3
04AYA	HAMBI-0105	Agrobacterium	tumefaciens	2578
04AYA	HAMBI-0216	Azorhizobium	caulinodans	240
04AYA	HAMBI-0262	Brevundimonas	bullata	10
04AYA	HAMBI-0403	Comamonas	testosteroni	133
04AYA	HAMBI-1279	Hafnia	alvei	429
04AYA	HAMBI-1287	Citrobacter	koseri	90804
04AYA	HAMBI-1292	Morganella	morganii	1951
04AYA	HAMBI-1299	Kluyvera	intermedia	3356
04AYA	HAMBI-1842	Sphingobium	yanoikuyae	0
04AYA	HAMBI-1874	Sphingobacterium	multivorum	0
04AYA	HAMBI-1896	Sphingobacterium	spiritivorum	1309
04AYA	HAMBI-1923	Myroides	odoratus	2215
04AYA	HAMBI-1966	Chitinophaga	filiformis	0
04AYA	HAMBI-1972	Aeromonas	caviae	514
04AYA	HAMBI-1988	Chitinophaga	sancti	0
04AYA	HAMBI-1992	Phyllobacterium	myrsinacearum	427
04AYA	HAMBI-2159	Paraburkholderia	caryophylli	5
04AYA	HAMBI-2160	Bordetella	avium	323
04AYA	HAMBI-2164	Cupriavidus	necator	974
04AYA	HAMBI-2443	Paracoccus	denitrificans	0
04AYA	HAMBI-2467	Thermomonas	haemolytica	0
04AYA	HAMBI-2494	Paraburkholderia	kururiensis	206
04AYA	HAMBI-2659	Stenotrophomonas	maltophilia	12815
04AYA	HAMBI-2792	Moraxella	canis	0
04AYA	HAMBI-3031	Niabella	yanshanensis	0
04AYA	HAMBI-3172	Azospirillum	brasilense	1
04AYA	HAMBI-3237	Microvirga	lotononidis	0
04AYA	JE2571RP4	Escherichia	coli	2
04AYA	PsFluSBW25	Pseudomonas	fluorescens	1447
04AYB	HAMBI-0097	Acinetobacter	lwoffii	139
04AYB	HAMBI-0105	Agrobacterium	tumefaciens	1051
04AYB	HAMBI-0216	Azorhizobium	caulinodans	2
04AYB	HAMBI-0262	Brevundimonas	bullata	34
04AYB	HAMBI-0403	Comamonas	testosteroni	3519
04AYB	HAMBI-1279	Hafnia	alvei	1626
04AYB	HAMBI-1287	Citrobacter	koseri	144301
04AYB	HAMBI-1292	Morganella	morganii	16660
04AYB	HAMBI-1299	Kluyvera	intermedia	28357
04AYB	HAMBI-1842	Sphingobium	yanoikuyae	0
04AYB	HAMBI-1874	Sphingobacterium	multivorum	10
04AYB	HAMBI-1896	Sphingobacterium	spiritivorum	29
04AYB	HAMBI-1923	Myroides	odoratus	4562
04AYB	HAMBI-1966	Chitinophaga	filiformis	0
04AYB	HAMBI-1972	Aeromonas	caviae	39317
04AYB	HAMBI-1988	Chitinophaga	sancti	2
04AYB	HAMBI-1992	Phyllobacterium	myrsinacearum	219
04AYB	HAMBI-2159	Paraburkholderia	caryophylli	14
04AYB	HAMBI-2160	Bordetella	avium	353
04AYB	HAMBI-2164	Cupriavidus	necator	186
04AYB	HAMBI-2443	Paracoccus	denitrificans	0
04AYB	HAMBI-2467	Thermomonas	haemolytica	0
04AYB	HAMBI-2494	Paraburkholderia	kururiensis	188
04AYB	HAMBI-2659	Stenotrophomonas	maltophilia	7062
04AYB	HAMBI-2792	Moraxella	canis	18
04AYB	HAMBI-3031	Niabella	yanshanensis	0
04AYB	HAMBI-3172	Azospirillum	brasilense	39
04AYB	HAMBI-3237	Microvirga	lotononidis	3
04AYB	JE2571RP4	Escherichia	coli	19
04AYB	PsFluSBW25	Pseudomonas	fluorescens	4711
04AYC	HAMBI-0097	Acinetobacter	lwoffii	10
04AYC	HAMBI-0105	Agrobacterium	tumefaciens	2399
04AYC	HAMBI-0216	Azorhizobium	caulinodans	21
04AYC	HAMBI-0262	Brevundimonas	bullata	3
04AYC	HAMBI-0403	Comamonas	testosteroni	57
04AYC	HAMBI-1279	Hafnia	alvei	248
04AYC	HAMBI-1287	Citrobacter	koseri	60323
04AYC	HAMBI-1292	Morganella	morganii	1936
04AYC	HAMBI-1299	Kluyvera	intermedia	1022
04AYC	HAMBI-1842	Sphingobium	yanoikuyae	0
04AYC	HAMBI-1874	Sphingobacterium	multivorum	0
04AYC	HAMBI-1896	Sphingobacterium	spiritivorum	108
04AYC	HAMBI-1923	Myroides	odoratus	1156
04AYC	HAMBI-1966	Chitinophaga	filiformis	0
04AYC	HAMBI-1972	Aeromonas	caviae	202
04AYC	HAMBI-1988	Chitinophaga	sancti	1
04AYC	HAMBI-1992	Phyllobacterium	myrsinacearum	604
04AYC	HAMBI-2159	Paraburkholderia	caryophylli	4
04AYC	HAMBI-2160	Bordetella	avium	360
04AYC	HAMBI-2164	Cupriavidus	necator	56
04AYC	HAMBI-2443	Paracoccus	denitrificans	0
04AYC	HAMBI-2467	Thermomonas	haemolytica	0
04AYC	HAMBI-2494	Paraburkholderia	kururiensis	205
04AYC	HAMBI-2659	Stenotrophomonas	maltophilia	10667
04AYC	HAMBI-2792	Moraxella	canis	0
04AYC	HAMBI-3031	Niabella	yanshanensis	0
04AYC	HAMBI-3172	Azospirillum	brasilense	0
04AYC	HAMBI-3237	Microvirga	lotononidis	2
04AYC	JE2571RP4	Escherichia	coli	2
04AYC	PsFluSBW25	Pseudomonas	fluorescens	1173
04CNA	HAMBI-0097	Acinetobacter	lwoffii	249
04CNA	HAMBI-0105	Agrobacterium	tumefaciens	295
04CNA	HAMBI-0216	Azorhizobium	caulinodans	3
04CNA	HAMBI-0262	Brevundimonas	bullata	68
04CNA	HAMBI-0403	Comamonas	testosteroni	4871
04CNA	HAMBI-1279	Hafnia	alvei	1979
04CNA	HAMBI-1287	Citrobacter	koseri	126762
04CNA	HAMBI-1292	Morganella	morganii	12942
04CNA	HAMBI-1299	Kluyvera	intermedia	52450
04CNA	HAMBI-1842	Sphingobium	yanoikuyae	1
04CNA	HAMBI-1874	Sphingobacterium	multivorum	10
04CNA	HAMBI-1896	Sphingobacterium	spiritivorum	24
04CNA	HAMBI-1923	Myroides	odoratus	2172
04CNA	HAMBI-1966	Chitinophaga	filiformis	1
04CNA	HAMBI-1972	Aeromonas	caviae	89733
04CNA	HAMBI-1988	Chitinophaga	sancti	5
04CNA	HAMBI-1992	Phyllobacterium	myrsinacearum	277
04CNA	HAMBI-2159	Paraburkholderia	caryophylli	61
04CNA	HAMBI-2160	Bordetella	avium	1263
04CNA	HAMBI-2164	Cupriavidus	necator	554
04CNA	HAMBI-2443	Paracoccus	denitrificans	1
04CNA	HAMBI-2467	Thermomonas	haemolytica	1
04CNA	HAMBI-2494	Paraburkholderia	kururiensis	420
04CNA	HAMBI-2659	Stenotrophomonas	maltophilia	5590
04CNA	HAMBI-2792	Moraxella	canis	21
04CNA	HAMBI-3031	Niabella	yanshanensis	1
04CNA	HAMBI-3172	Azospirillum	brasilense	235
04CNA	HAMBI-3237	Microvirga	lotononidis	8
04CNA	JE2571RP4	Escherichia	coli	59
04CNA	PsFluSBW25	Pseudomonas	fluorescens	1333
04CNB	HAMBI-0097	Acinetobacter	lwoffii	377
04CNB	HAMBI-0105	Agrobacterium	tumefaciens	1294
04CNB	HAMBI-0216	Azorhizobium	caulinodans	7
04CNB	HAMBI-0262	Brevundimonas	bullata	146
04CNB	HAMBI-0403	Comamonas	testosteroni	3820
04CNB	HAMBI-1279	Hafnia	alvei	1584
04CNB	HAMBI-1287	Citrobacter	koseri	95615
04CNB	HAMBI-1292	Morganella	morganii	9986
04CNB	HAMBI-1299	Kluyvera	intermedia	36143
04CNB	HAMBI-1842	Sphingobium	yanoikuyae	2
04CNB	HAMBI-1874	Sphingobacterium	multivorum	15
04CNB	HAMBI-1896	Sphingobacterium	spiritivorum	24
04CNB	HAMBI-1923	Myroides	odoratus	2891
04CNB	HAMBI-1966	Chitinophaga	filiformis	2
04CNB	HAMBI-1972	Aeromonas	caviae	82636
04CNB	HAMBI-1988	Chitinophaga	sancti	7
04CNB	HAMBI-1992	Phyllobacterium	myrsinacearum	153
04CNB	HAMBI-2159	Paraburkholderia	caryophylli	61
04CNB	HAMBI-2160	Bordetella	avium	1007
04CNB	HAMBI-2164	Cupriavidus	necator	517
04CNB	HAMBI-2443	Paracoccus	denitrificans	0
04CNB	HAMBI-2467	Thermomonas	haemolytica	4
04CNB	HAMBI-2494	Paraburkholderia	kururiensis	527
04CNB	HAMBI-2659	Stenotrophomonas	maltophilia	6253
04CNB	HAMBI-2792	Moraxella	canis	29
04CNB	HAMBI-3031	Niabella	yanshanensis	1
04CNB	HAMBI-3172	Azospirillum	brasilense	123
04CNB	HAMBI-3237	Microvirga	lotononidis	11
04CNB	JE2571RP4	Escherichia	coli	48
04CNB	PsFluSBW25	Pseudomonas	fluorescens	2520
04CNC	HAMBI-0097	Acinetobacter	lwoffii	459
04CNC	HAMBI-0105	Agrobacterium	tumefaciens	230
04CNC	HAMBI-0216	Azorhizobium	caulinodans	0
04CNC	HAMBI-0262	Brevundimonas	bullata	75
04CNC	HAMBI-0403	Comamonas	testosteroni	4258
04CNC	HAMBI-1279	Hafnia	alvei	1802
04CNC	HAMBI-1287	Citrobacter	koseri	91511
04CNC	HAMBI-1292	Morganella	morganii	9200
04CNC	HAMBI-1299	Kluyvera	intermedia	32146
04CNC	HAMBI-1842	Sphingobium	yanoikuyae	4
04CNC	HAMBI-1874	Sphingobacterium	multivorum	17
04CNC	HAMBI-1896	Sphingobacterium	spiritivorum	14
04CNC	HAMBI-1923	Myroides	odoratus	1649
04CNC	HAMBI-1966	Chitinophaga	filiformis	1
04CNC	HAMBI-1972	Aeromonas	caviae	78348
04CNC	HAMBI-1988	Chitinophaga	sancti	8
04CNC	HAMBI-1992	Phyllobacterium	myrsinacearum	180
04CNC	HAMBI-2159	Paraburkholderia	caryophylli	48
04CNC	HAMBI-2160	Bordetella	avium	917
04CNC	HAMBI-2164	Cupriavidus	necator	358
04CNC	HAMBI-2443	Paracoccus	denitrificans	1
04CNC	HAMBI-2467	Thermomonas	haemolytica	0
04CNC	HAMBI-2494	Paraburkholderia	kururiensis	367
04CNC	HAMBI-2659	Stenotrophomonas	maltophilia	3512
04CNC	HAMBI-2792	Moraxella	canis	27
04CNC	HAMBI-3031	Niabella	yanshanensis	3
04CNC	HAMBI-3172	Azospirillum	brasilense	105
04CNC	HAMBI-3237	Microvirga	lotononidis	6
04CNC	JE2571RP4	Escherichia	coli	46
04CNC	PsFluSBW25	Pseudomonas	fluorescens	1704
04CYA	HAMBI-0097	Acinetobacter	lwoffii	2
04CYA	HAMBI-0105	Agrobacterium	tumefaciens	1286
04CYA	HAMBI-0216	Azorhizobium	caulinodans	17
04CYA	HAMBI-0262	Brevundimonas	bullata	6
04CYA	HAMBI-0403	Comamonas	testosteroni	266
04CYA	HAMBI-1279	Hafnia	alvei	226
04CYA	HAMBI-1287	Citrobacter	koseri	33232
04CYA	HAMBI-1292	Morganella	morganii	2199
04CYA	HAMBI-1299	Kluyvera	intermedia	3403
04CYA	HAMBI-1842	Sphingobium	yanoikuyae	0
04CYA	HAMBI-1874	Sphingobacterium	multivorum	0
04CYA	HAMBI-1896	Sphingobacterium	spiritivorum	931
04CYA	HAMBI-1923	Myroides	odoratus	1430
04CYA	HAMBI-1966	Chitinophaga	filiformis	0
04CYA	HAMBI-1972	Aeromonas	caviae	276
04CYA	HAMBI-1988	Chitinophaga	sancti	0
04CYA	HAMBI-1992	Phyllobacterium	myrsinacearum	221
04CYA	HAMBI-2159	Paraburkholderia	caryophylli	1
04CYA	HAMBI-2160	Bordetella	avium	340
04CYA	HAMBI-2164	Cupriavidus	necator	468
04CYA	HAMBI-2443	Paracoccus	denitrificans	0
04CYA	HAMBI-2467	Thermomonas	haemolytica	0
04CYA	HAMBI-2494	Paraburkholderia	kururiensis	121
04CYA	HAMBI-2659	Stenotrophomonas	maltophilia	5752
04CYA	HAMBI-2792	Moraxella	canis	0
04CYA	HAMBI-3031	Niabella	yanshanensis	0
04CYA	HAMBI-3172	Azospirillum	brasilense	0
04CYA	HAMBI-3237	Microvirga	lotononidis	2
04CYA	JE2571RP4	Escherichia	coli	1
04CYA	PsFluSBW25	Pseudomonas	fluorescens	1539
04CYB	HAMBI-0097	Acinetobacter	lwoffii	205
04CYB	HAMBI-0105	Agrobacterium	tumefaciens	1041
04CYB	HAMBI-0216	Azorhizobium	caulinodans	2
04CYB	HAMBI-0262	Brevundimonas	bullata	24
04CYB	HAMBI-0403	Comamonas	testosteroni	4098
04CYB	HAMBI-1279	Hafnia	alvei	1600
04CYB	HAMBI-1287	Citrobacter	koseri	135664
04CYB	HAMBI-1292	Morganella	morganii	16065
04CYB	HAMBI-1299	Kluyvera	intermedia	30868
04CYB	HAMBI-1842	Sphingobium	yanoikuyae	0
04CYB	HAMBI-1874	Sphingobacterium	multivorum	2
04CYB	HAMBI-1896	Sphingobacterium	spiritivorum	31
04CYB	HAMBI-1923	Myroides	odoratus	6906
04CYB	HAMBI-1966	Chitinophaga	filiformis	0
04CYB	HAMBI-1972	Aeromonas	caviae	34251
04CYB	HAMBI-1988	Chitinophaga	sancti	2
04CYB	HAMBI-1992	Phyllobacterium	myrsinacearum	177
04CYB	HAMBI-2159	Paraburkholderia	caryophylli	20
04CYB	HAMBI-2160	Bordetella	avium	604
04CYB	HAMBI-2164	Cupriavidus	necator	291
04CYB	HAMBI-2443	Paracoccus	denitrificans	1
04CYB	HAMBI-2467	Thermomonas	haemolytica	3
04CYB	HAMBI-2494	Paraburkholderia	kururiensis	230
04CYB	HAMBI-2659	Stenotrophomonas	maltophilia	10349
04CYB	HAMBI-2792	Moraxella	canis	21
04CYB	HAMBI-3031	Niabella	yanshanensis	0
04CYB	HAMBI-3172	Azospirillum	brasilense	43
04CYB	HAMBI-3237	Microvirga	lotononidis	6
04CYB	JE2571RP4	Escherichia	coli	19
04CYB	PsFluSBW25	Pseudomonas	fluorescens	2172
04CYC	HAMBI-0097	Acinetobacter	lwoffii	3
04CYC	HAMBI-0105	Agrobacterium	tumefaciens	1492
04CYC	HAMBI-0216	Azorhizobium	caulinodans	5
04CYC	HAMBI-0262	Brevundimonas	bullata	4
04CYC	HAMBI-0403	Comamonas	testosteroni	301
04CYC	HAMBI-1279	Hafnia	alvei	768
04CYC	HAMBI-1287	Citrobacter	koseri	93913
04CYC	HAMBI-1292	Morganella	morganii	7266
04CYC	HAMBI-1299	Kluyvera	intermedia	4618
04CYC	HAMBI-1842	Sphingobium	yanoikuyae	0
04CYC	HAMBI-1874	Sphingobacterium	multivorum	0
04CYC	HAMBI-1896	Sphingobacterium	spiritivorum	1476
04CYC	HAMBI-1923	Myroides	odoratus	1357
04CYC	HAMBI-1966	Chitinophaga	filiformis	0
04CYC	HAMBI-1972	Aeromonas	caviae	223
04CYC	HAMBI-1988	Chitinophaga	sancti	0
04CYC	HAMBI-1992	Phyllobacterium	myrsinacearum	550
04CYC	HAMBI-2159	Paraburkholderia	caryophylli	9
04CYC	HAMBI-2160	Bordetella	avium	1212
04CYC	HAMBI-2164	Cupriavidus	necator	113
04CYC	HAMBI-2443	Paracoccus	denitrificans	0
04CYC	HAMBI-2467	Thermomonas	haemolytica	0
04CYC	HAMBI-2494	Paraburkholderia	kururiensis	212
04CYC	HAMBI-2659	Stenotrophomonas	maltophilia	9229
04CYC	HAMBI-2792	Moraxella	canis	0
04CYC	HAMBI-3031	Niabella	yanshanensis	1
04CYC	HAMBI-3172	Azospirillum	brasilense	1
04CYC	HAMBI-3237	Microvirga	lotononidis	3
04CYC	JE2571RP4	Escherichia	coli	3
04CYC	PsFluSBW25	Pseudomonas	fluorescens	1417
41ANA	HAMBI-0097	Acinetobacter	lwoffii	65
41ANA	HAMBI-0105	Agrobacterium	tumefaciens	915
41ANA	HAMBI-0216	Azorhizobium	caulinodans	13
41ANA	HAMBI-0262	Brevundimonas	bullata	13
41ANA	HAMBI-0403	Comamonas	testosteroni	740
41ANA	HAMBI-1279	Hafnia	alvei	1622
41ANA	HAMBI-1287	Citrobacter	koseri	33679
41ANA	HAMBI-1292	Morganella	morganii	103
41ANA	HAMBI-1299	Kluyvera	intermedia	3771
41ANA	HAMBI-1842	Sphingobium	yanoikuyae	0
41ANA	HAMBI-1874	Sphingobacterium	multivorum	1
41ANA	HAMBI-1896	Sphingobacterium	spiritivorum	1427
41ANA	HAMBI-1923	Myroides	odoratus	2845
41ANA	HAMBI-1966	Chitinophaga	filiformis	2
41ANA	HAMBI-1972	Aeromonas	caviae	18511
41ANA	HAMBI-1988	Chitinophaga	sancti	2
41ANA	HAMBI-1992	Phyllobacterium	myrsinacearum	490
41ANA	HAMBI-2159	Paraburkholderia	caryophylli	17
41ANA	HAMBI-2160	Bordetella	avium	454
41ANA	HAMBI-2164	Cupriavidus	necator	175
41ANA	HAMBI-2443	Paracoccus	denitrificans	0
41ANA	HAMBI-2467	Thermomonas	haemolytica	0
41ANA	HAMBI-2494	Paraburkholderia	kururiensis	262
41ANA	HAMBI-2659	Stenotrophomonas	maltophilia	1802
41ANA	HAMBI-2792	Moraxella	canis	6
41ANA	HAMBI-3031	Niabella	yanshanensis	126
41ANA	HAMBI-3172	Azospirillum	brasilense	173
41ANA	HAMBI-3237	Microvirga	lotononidis	4
41ANA	JE2571RP4	Escherichia	coli	9
41ANA	PsFluSBW25	Pseudomonas	fluorescens	637
41ANB	HAMBI-0097	Acinetobacter	lwoffii	78
41ANB	HAMBI-0105	Agrobacterium	tumefaciens	1597
41ANB	HAMBI-0216	Azorhizobium	caulinodans	16
41ANB	HAMBI-0262	Brevundimonas	bullata	17
41ANB	HAMBI-0403	Comamonas	testosteroni	411
41ANB	HAMBI-1279	Hafnia	alvei	1417
41ANB	HAMBI-1287	Citrobacter	koseri	28133
41ANB	HAMBI-1292	Morganella	morganii	84
41ANB	HAMBI-1299	Kluyvera	intermedia	3069
41ANB	HAMBI-1842	Sphingobium	yanoikuyae	1
41ANB	HAMBI-1874	Sphingobacterium	multivorum	11
41ANB	HAMBI-1896	Sphingobacterium	spiritivorum	1175
41ANB	HAMBI-1923	Myroides	odoratus	2585
41ANB	HAMBI-1966	Chitinophaga	filiformis	1
41ANB	HAMBI-1972	Aeromonas	caviae	16132
41ANB	HAMBI-1988	Chitinophaga	sancti	0
41ANB	HAMBI-1992	Phyllobacterium	myrsinacearum	356
41ANB	HAMBI-2159	Paraburkholderia	caryophylli	21
41ANB	HAMBI-2160	Bordetella	avium	347
41ANB	HAMBI-2164	Cupriavidus	necator	218
41ANB	HAMBI-2443	Paracoccus	denitrificans	0
41ANB	HAMBI-2467	Thermomonas	haemolytica	0
41ANB	HAMBI-2494	Paraburkholderia	kururiensis	224
41ANB	HAMBI-2659	Stenotrophomonas	maltophilia	1463
41ANB	HAMBI-2792	Moraxella	canis	6
41ANB	HAMBI-3031	Niabella	yanshanensis	0
41ANB	HAMBI-3172	Azospirillum	brasilense	137
41ANB	HAMBI-3237	Microvirga	lotononidis	3
41ANB	JE2571RP4	Escherichia	coli	8
41ANB	PsFluSBW25	Pseudomonas	fluorescens	431
41ANC	HAMBI-0097	Acinetobacter	lwoffii	96
41ANC	HAMBI-0105	Agrobacterium	tumefaciens	1504
41ANC	HAMBI-0216	Azorhizobium	caulinodans	13
41ANC	HAMBI-0262	Brevundimonas	bullata	26
41ANC	HAMBI-0403	Comamonas	testosteroni	565
41ANC	HAMBI-1279	Hafnia	alvei	1520
41ANC	HAMBI-1287	Citrobacter	koseri	43982
41ANC	HAMBI-1292	Morganella	morganii	117
41ANC	HAMBI-1299	Kluyvera	intermedia	4543
41ANC	HAMBI-1842	Sphingobium	yanoikuyae	1
41ANC	HAMBI-1874	Sphingobacterium	multivorum	2
41ANC	HAMBI-1896	Sphingobacterium	spiritivorum	1513
41ANC	HAMBI-1923	Myroides	odoratus	2294
41ANC	HAMBI-1966	Chitinophaga	filiformis	1
41ANC	HAMBI-1972	Aeromonas	caviae	23568
41ANC	HAMBI-1988	Chitinophaga	sancti	2
41ANC	HAMBI-1992	Phyllobacterium	myrsinacearum	439
41ANC	HAMBI-2159	Paraburkholderia	caryophylli	13
41ANC	HAMBI-2160	Bordetella	avium	441
41ANC	HAMBI-2164	Cupriavidus	necator	213
41ANC	HAMBI-2443	Paracoccus	denitrificans	0
41ANC	HAMBI-2467	Thermomonas	haemolytica	1
41ANC	HAMBI-2494	Paraburkholderia	kururiensis	246
41ANC	HAMBI-2659	Stenotrophomonas	maltophilia	1456
41ANC	HAMBI-2792	Moraxella	canis	11
41ANC	HAMBI-3031	Niabella	yanshanensis	122
41ANC	HAMBI-3172	Azospirillum	brasilense	121
41ANC	HAMBI-3237	Microvirga	lotononidis	13
41ANC	JE2571RP4	Escherichia	coli	6
41ANC	PsFluSBW25	Pseudomonas	fluorescens	591
41AYA	HAMBI-0097	Acinetobacter	lwoffii	0
41AYA	HAMBI-0105	Agrobacterium	tumefaciens	3156
41AYA	HAMBI-0216	Azorhizobium	caulinodans	321
41AYA	HAMBI-0262	Brevundimonas	bullata	3
41AYA	HAMBI-0403	Comamonas	testosteroni	131
41AYA	HAMBI-1279	Hafnia	alvei	20
41AYA	HAMBI-1287	Citrobacter	koseri	19676
41AYA	HAMBI-1292	Morganella	morganii	54
41AYA	HAMBI-1299	Kluyvera	intermedia	71
41AYA	HAMBI-1842	Sphingobium	yanoikuyae	0
41AYA	HAMBI-1874	Sphingobacterium	multivorum	184
41AYA	HAMBI-1896	Sphingobacterium	spiritivorum	1068
41AYA	HAMBI-1923	Myroides	odoratus	2520
41AYA	HAMBI-1966	Chitinophaga	filiformis	0
41AYA	HAMBI-1972	Aeromonas	caviae	115
41AYA	HAMBI-1988	Chitinophaga	sancti	0
41AYA	HAMBI-1992	Phyllobacterium	myrsinacearum	67
41AYA	HAMBI-2159	Paraburkholderia	caryophylli	13
41AYA	HAMBI-2160	Bordetella	avium	165
41AYA	HAMBI-2164	Cupriavidus	necator	367
41AYA	HAMBI-2443	Paracoccus	denitrificans	473
41AYA	HAMBI-2467	Thermomonas	haemolytica	0
41AYA	HAMBI-2494	Paraburkholderia	kururiensis	190
41AYA	HAMBI-2659	Stenotrophomonas	maltophilia	629
41AYA	HAMBI-2792	Moraxella	canis	0
41AYA	HAMBI-3031	Niabella	yanshanensis	71
41AYA	HAMBI-3172	Azospirillum	brasilense	457
41AYA	HAMBI-3237	Microvirga	lotononidis	1
41AYA	JE2571RP4	Escherichia	coli	0
41AYA	PsFluSBW25	Pseudomonas	fluorescens	65
41AYB	HAMBI-0097	Acinetobacter	lwoffii	0
41AYB	HAMBI-0105	Agrobacterium	tumefaciens	343
41AYB	HAMBI-0216	Azorhizobium	caulinodans	6
41AYB	HAMBI-0262	Brevundimonas	bullata	0
41AYB	HAMBI-0403	Comamonas	testosteroni	17
41AYB	HAMBI-1279	Hafnia	alvei	2
41AYB	HAMBI-1287	Citrobacter	koseri	1690
41AYB	HAMBI-1292	Morganella	morganii	12
41AYB	HAMBI-1299	Kluyvera	intermedia	16
41AYB	HAMBI-1842	Sphingobium	yanoikuyae	0
41AYB	HAMBI-1874	Sphingobacterium	multivorum	82
41AYB	HAMBI-1896	Sphingobacterium	spiritivorum	406
41AYB	HAMBI-1923	Myroides	odoratus	282
41AYB	HAMBI-1966	Chitinophaga	filiformis	0
41AYB	HAMBI-1972	Aeromonas	caviae	43
41AYB	HAMBI-1988	Chitinophaga	sancti	0
41AYB	HAMBI-1992	Phyllobacterium	myrsinacearum	149
41AYB	HAMBI-2159	Paraburkholderia	caryophylli	0
41AYB	HAMBI-2160	Bordetella	avium	169
41AYB	HAMBI-2164	Cupriavidus	necator	40
41AYB	HAMBI-2443	Paracoccus	denitrificans	122
41AYB	HAMBI-2467	Thermomonas	haemolytica	0
41AYB	HAMBI-2494	Paraburkholderia	kururiensis	54
41AYB	HAMBI-2659	Stenotrophomonas	maltophilia	182
41AYB	HAMBI-2792	Moraxella	canis	0
41AYB	HAMBI-3031	Niabella	yanshanensis	45
41AYB	HAMBI-3172	Azospirillum	brasilense	276
41AYB	HAMBI-3237	Microvirga	lotononidis	1
41AYB	JE2571RP4	Escherichia	coli	0
41AYB	PsFluSBW25	Pseudomonas	fluorescens	27
41AYC	HAMBI-0097	Acinetobacter	lwoffii	0
41AYC	HAMBI-0105	Agrobacterium	tumefaciens	782
41AYC	HAMBI-0216	Azorhizobium	caulinodans	24
41AYC	HAMBI-0262	Brevundimonas	bullata	0
41AYC	HAMBI-0403	Comamonas	testosteroni	26
41AYC	HAMBI-1279	Hafnia	alvei	1
41AYC	HAMBI-1287	Citrobacter	koseri	2524
41AYC	HAMBI-1292	Morganella	morganii	9
41AYC	HAMBI-1299	Kluyvera	intermedia	3
41AYC	HAMBI-1842	Sphingobium	yanoikuyae	0
41AYC	HAMBI-1874	Sphingobacterium	multivorum	43
41AYC	HAMBI-1896	Sphingobacterium	spiritivorum	297
41AYC	HAMBI-1923	Myroides	odoratus	210
41AYC	HAMBI-1966	Chitinophaga	filiformis	0
41AYC	HAMBI-1972	Aeromonas	caviae	27
41AYC	HAMBI-1988	Chitinophaga	sancti	0
41AYC	HAMBI-1992	Phyllobacterium	myrsinacearum	80
41AYC	HAMBI-2159	Paraburkholderia	caryophylli	1
41AYC	HAMBI-2160	Bordetella	avium	95
41AYC	HAMBI-2164	Cupriavidus	necator	21
41AYC	HAMBI-2443	Paracoccus	denitrificans	123
41AYC	HAMBI-2467	Thermomonas	haemolytica	0
41AYC	HAMBI-2494	Paraburkholderia	kururiensis	68
41AYC	HAMBI-2659	Stenotrophomonas	maltophilia	191
41AYC	HAMBI-2792	Moraxella	canis	0
41AYC	HAMBI-3031	Niabella	yanshanensis	51
41AYC	HAMBI-3172	Azospirillum	brasilense	172
41AYC	HAMBI-3237	Microvirga	lotononidis	2
41AYC	JE2571RP4	Escherichia	coli	0
41AYC	PsFluSBW25	Pseudomonas	fluorescens	23
41CNA	HAMBI-0097	Acinetobacter	lwoffii	162
41CNA	HAMBI-0105	Agrobacterium	tumefaciens	767
41CNA	HAMBI-0216	Azorhizobium	caulinodans	8
41CNA	HAMBI-0262	Brevundimonas	bullata	21
41CNA	HAMBI-0403	Comamonas	testosteroni	804
41CNA	HAMBI-1279	Hafnia	alvei	2300
41CNA	HAMBI-1287	Citrobacter	koseri	47002
41CNA	HAMBI-1292	Morganella	morganii	393
41CNA	HAMBI-1299	Kluyvera	intermedia	9463
41CNA	HAMBI-1842	Sphingobium	yanoikuyae	1
41CNA	HAMBI-1874	Sphingobacterium	multivorum	5
41CNA	HAMBI-1896	Sphingobacterium	spiritivorum	2642
41CNA	HAMBI-1923	Myroides	odoratus	3353
41CNA	HAMBI-1966	Chitinophaga	filiformis	0
41CNA	HAMBI-1972	Aeromonas	caviae	29509
41CNA	HAMBI-1988	Chitinophaga	sancti	0
41CNA	HAMBI-1992	Phyllobacterium	myrsinacearum	788
41CNA	HAMBI-2159	Paraburkholderia	caryophylli	23
41CNA	HAMBI-2160	Bordetella	avium	741
41CNA	HAMBI-2164	Cupriavidus	necator	459
41CNA	HAMBI-2443	Paracoccus	denitrificans	652
41CNA	HAMBI-2467	Thermomonas	haemolytica	0
41CNA	HAMBI-2494	Paraburkholderia	kururiensis	312
41CNA	HAMBI-2659	Stenotrophomonas	maltophilia	1745
41CNA	HAMBI-2792	Moraxella	canis	23
41CNA	HAMBI-3031	Niabella	yanshanensis	46
41CNA	HAMBI-3172	Azospirillum	brasilense	191
41CNA	HAMBI-3237	Microvirga	lotononidis	4
41CNA	JE2571RP4	Escherichia	coli	9
41CNA	PsFluSBW25	Pseudomonas	fluorescens	245
41CNB	HAMBI-0097	Acinetobacter	lwoffii	249
41CNB	HAMBI-0105	Agrobacterium	tumefaciens	1995
41CNB	HAMBI-0216	Azorhizobium	caulinodans	9
41CNB	HAMBI-0262	Brevundimonas	bullata	41
41CNB	HAMBI-0403	Comamonas	testosteroni	738
41CNB	HAMBI-1279	Hafnia	alvei	2239
41CNB	HAMBI-1287	Citrobacter	koseri	51734
41CNB	HAMBI-1292	Morganella	morganii	353
41CNB	HAMBI-1299	Kluyvera	intermedia	10513
41CNB	HAMBI-1842	Sphingobium	yanoikuyae	3
41CNB	HAMBI-1874	Sphingobacterium	multivorum	11
41CNB	HAMBI-1896	Sphingobacterium	spiritivorum	2170
41CNB	HAMBI-1923	Myroides	odoratus	3787
41CNB	HAMBI-1966	Chitinophaga	filiformis	3
41CNB	HAMBI-1972	Aeromonas	caviae	31685
41CNB	HAMBI-1988	Chitinophaga	sancti	3
41CNB	HAMBI-1992	Phyllobacterium	myrsinacearum	577
41CNB	HAMBI-2159	Paraburkholderia	caryophylli	32
41CNB	HAMBI-2160	Bordetella	avium	649
41CNB	HAMBI-2164	Cupriavidus	necator	642
41CNB	HAMBI-2443	Paracoccus	denitrificans	613
41CNB	HAMBI-2467	Thermomonas	haemolytica	0
41CNB	HAMBI-2494	Paraburkholderia	kururiensis	703
41CNB	HAMBI-2659	Stenotrophomonas	maltophilia	2623
41CNB	HAMBI-2792	Moraxella	canis	16
41CNB	HAMBI-3031	Niabella	yanshanensis	30
41CNB	HAMBI-3172	Azospirillum	brasilense	174
41CNB	HAMBI-3237	Microvirga	lotononidis	6
41CNB	JE2571RP4	Escherichia	coli	9
41CNB	PsFluSBW25	Pseudomonas	fluorescens	423
41CNC	HAMBI-0097	Acinetobacter	lwoffii	198
41CNC	HAMBI-0105	Agrobacterium	tumefaciens	1079
41CNC	HAMBI-0216	Azorhizobium	caulinodans	35
41CNC	HAMBI-0262	Brevundimonas	bullata	31
41CNC	HAMBI-0403	Comamonas	testosteroni	859
41CNC	HAMBI-1279	Hafnia	alvei	1755
41CNC	HAMBI-1287	Citrobacter	koseri	44631
41CNC	HAMBI-1292	Morganella	morganii	183
41CNC	HAMBI-1299	Kluyvera	intermedia	8677
41CNC	HAMBI-1842	Sphingobium	yanoikuyae	1
41CNC	HAMBI-1874	Sphingobacterium	multivorum	5
41CNC	HAMBI-1896	Sphingobacterium	spiritivorum	1428
41CNC	HAMBI-1923	Myroides	odoratus	2426
41CNC	HAMBI-1966	Chitinophaga	filiformis	0
41CNC	HAMBI-1972	Aeromonas	caviae	29989
41CNC	HAMBI-1988	Chitinophaga	sancti	4
41CNC	HAMBI-1992	Phyllobacterium	myrsinacearum	661
41CNC	HAMBI-2159	Paraburkholderia	caryophylli	25
41CNC	HAMBI-2160	Bordetella	avium	351
41CNC	HAMBI-2164	Cupriavidus	necator	289
41CNC	HAMBI-2443	Paracoccus	denitrificans	1
41CNC	HAMBI-2467	Thermomonas	haemolytica	3
41CNC	HAMBI-2494	Paraburkholderia	kururiensis	177
41CNC	HAMBI-2659	Stenotrophomonas	maltophilia	1450
41CNC	HAMBI-2792	Moraxella	canis	11
41CNC	HAMBI-3031	Niabella	yanshanensis	126
41CNC	HAMBI-3172	Azospirillum	brasilense	94
41CNC	HAMBI-3237	Microvirga	lotononidis	3
41CNC	JE2571RP4	Escherichia	coli	7
41CNC	PsFluSBW25	Pseudomonas	fluorescens	316
41CYA	HAMBI-0097	Acinetobacter	lwoffii	0
41CYA	HAMBI-0105	Agrobacterium	tumefaciens	1118
41CYA	HAMBI-0216	Azorhizobium	caulinodans	8
41CYA	HAMBI-0262	Brevundimonas	bullata	0
41CYA	HAMBI-0403	Comamonas	testosteroni	103
41CYA	HAMBI-1279	Hafnia	alvei	16
41CYA	HAMBI-1287	Citrobacter	koseri	5314
41CYA	HAMBI-1292	Morganella	morganii	26
41CYA	HAMBI-1299	Kluyvera	intermedia	50
41CYA	HAMBI-1842	Sphingobium	yanoikuyae	0
41CYA	HAMBI-1874	Sphingobacterium	multivorum	58
41CYA	HAMBI-1896	Sphingobacterium	spiritivorum	377
41CYA	HAMBI-1923	Myroides	odoratus	779
41CYA	HAMBI-1966	Chitinophaga	filiformis	0
41CYA	HAMBI-1972	Aeromonas	caviae	30
41CYA	HAMBI-1988	Chitinophaga	sancti	0
41CYA	HAMBI-1992	Phyllobacterium	myrsinacearum	128
41CYA	HAMBI-2159	Paraburkholderia	caryophylli	2
41CYA	HAMBI-2160	Bordetella	avium	73
41CYA	HAMBI-2164	Cupriavidus	necator	116
41CYA	HAMBI-2443	Paracoccus	denitrificans	49
41CYA	HAMBI-2467	Thermomonas	haemolytica	0
41CYA	HAMBI-2494	Paraburkholderia	kururiensis	47
41CYA	HAMBI-2659	Stenotrophomonas	maltophilia	256
41CYA	HAMBI-2792	Moraxella	canis	0
41CYA	HAMBI-3031	Niabella	yanshanensis	31
41CYA	HAMBI-3172	Azospirillum	brasilense	77
41CYA	HAMBI-3237	Microvirga	lotononidis	0
41CYA	JE2571RP4	Escherichia	coli	0
41CYA	PsFluSBW25	Pseudomonas	fluorescens	108
41CYB	HAMBI-0097	Acinetobacter	lwoffii	1
41CYB	HAMBI-0105	Agrobacterium	tumefaciens	1408
41CYB	HAMBI-0216	Azorhizobium	caulinodans	6
41CYB	HAMBI-0262	Brevundimonas	bullata	0
41CYB	HAMBI-0403	Comamonas	testosteroni	132
41CYB	HAMBI-1279	Hafnia	alvei	13
41CYB	HAMBI-1287	Citrobacter	koseri	6101
41CYB	HAMBI-1292	Morganella	morganii	68
41CYB	HAMBI-1299	Kluyvera	intermedia	21
41CYB	HAMBI-1842	Sphingobium	yanoikuyae	0
41CYB	HAMBI-1874	Sphingobacterium	multivorum	102
41CYB	HAMBI-1896	Sphingobacterium	spiritivorum	795
41CYB	HAMBI-1923	Myroides	odoratus	785
41CYB	HAMBI-1966	Chitinophaga	filiformis	0
41CYB	HAMBI-1972	Aeromonas	caviae	29
41CYB	HAMBI-1988	Chitinophaga	sancti	0
41CYB	HAMBI-1992	Phyllobacterium	myrsinacearum	102
41CYB	HAMBI-2159	Paraburkholderia	caryophylli	1
41CYB	HAMBI-2160	Bordetella	avium	349
41CYB	HAMBI-2164	Cupriavidus	necator	79
41CYB	HAMBI-2443	Paracoccus	denitrificans	69
41CYB	HAMBI-2467	Thermomonas	haemolytica	0
41CYB	HAMBI-2494	Paraburkholderia	kururiensis	191
41CYB	HAMBI-2659	Stenotrophomonas	maltophilia	502
41CYB	HAMBI-2792	Moraxella	canis	0
41CYB	HAMBI-3031	Niabella	yanshanensis	140
41CYB	HAMBI-3172	Azospirillum	brasilense	127
41CYB	HAMBI-3237	Microvirga	lotononidis	1
41CYB	JE2571RP4	Escherichia	coli	0
41CYB	PsFluSBW25	Pseudomonas	fluorescens	91
41CYC	HAMBI-0097	Acinetobacter	lwoffii	0
41CYC	HAMBI-0105	Agrobacterium	tumefaciens	1529
41CYC	HAMBI-0216	Azorhizobium	caulinodans	36
41CYC	HAMBI-0262	Brevundimonas	bullata	0
41CYC	HAMBI-0403	Comamonas	testosteroni	51
41CYC	HAMBI-1279	Hafnia	alvei	20
41CYC	HAMBI-1287	Citrobacter	koseri	5780
41CYC	HAMBI-1292	Morganella	morganii	23
41CYC	HAMBI-1299	Kluyvera	intermedia	41
41CYC	HAMBI-1842	Sphingobium	yanoikuyae	0
41CYC	HAMBI-1874	Sphingobacterium	multivorum	152
41CYC	HAMBI-1896	Sphingobacterium	spiritivorum	469
41CYC	HAMBI-1923	Myroides	odoratus	500
41CYC	HAMBI-1966	Chitinophaga	filiformis	0
41CYC	HAMBI-1972	Aeromonas	caviae	22
41CYC	HAMBI-1988	Chitinophaga	sancti	0
41CYC	HAMBI-1992	Phyllobacterium	myrsinacearum	145
41CYC	HAMBI-2159	Paraburkholderia	caryophylli	1
41CYC	HAMBI-2160	Bordetella	avium	385
41CYC	HAMBI-2164	Cupriavidus	necator	90
41CYC	HAMBI-2443	Paracoccus	denitrificans	102
41CYC	HAMBI-2467	Thermomonas	haemolytica	0
41CYC	HAMBI-2494	Paraburkholderia	kururiensis	86
41CYC	HAMBI-2659	Stenotrophomonas	maltophilia	265
41CYC	HAMBI-2792	Moraxella	canis	0
41CYC	HAMBI-3031	Niabella	yanshanensis	39
41CYC	HAMBI-3172	Azospirillum	brasilense	18
41CYC	HAMBI-3237	Microvirga	lotononidis	5
41CYC	JE2571RP4	Escherichia	coli	0
41CYC	PsFluSBW25	Pseudomonas	fluorescens	36
45ANA	HAMBI-0097	Acinetobacter	lwoffii	14
45ANA	HAMBI-0105	Agrobacterium	tumefaciens	994
45ANA	HAMBI-0216	Azorhizobium	caulinodans	4
45ANA	HAMBI-0262	Brevundimonas	bullata	3
45ANA	HAMBI-0403	Comamonas	testosteroni	501
45ANA	HAMBI-1279	Hafnia	alvei	391
45ANA	HAMBI-1287	Citrobacter	koseri	19271
45ANA	HAMBI-1292	Morganella	morganii	26
45ANA	HAMBI-1299	Kluyvera	intermedia	627
45ANA	HAMBI-1842	Sphingobium	yanoikuyae	0
45ANA	HAMBI-1874	Sphingobacterium	multivorum	6
45ANA	HAMBI-1896	Sphingobacterium	spiritivorum	2193
45ANA	HAMBI-1923	Myroides	odoratus	1162
45ANA	HAMBI-1966	Chitinophaga	filiformis	0
45ANA	HAMBI-1972	Aeromonas	caviae	4502
45ANA	HAMBI-1988	Chitinophaga	sancti	0
45ANA	HAMBI-1992	Phyllobacterium	myrsinacearum	291
45ANA	HAMBI-2159	Paraburkholderia	caryophylli	2
45ANA	HAMBI-2160	Bordetella	avium	197
45ANA	HAMBI-2164	Cupriavidus	necator	298
45ANA	HAMBI-2443	Paracoccus	denitrificans	0
45ANA	HAMBI-2467	Thermomonas	haemolytica	0
45ANA	HAMBI-2494	Paraburkholderia	kururiensis	76
45ANA	HAMBI-2659	Stenotrophomonas	maltophilia	1949
45ANA	HAMBI-2792	Moraxella	canis	4
45ANA	HAMBI-3031	Niabella	yanshanensis	220
45ANA	HAMBI-3172	Azospirillum	brasilense	293
45ANA	HAMBI-3237	Microvirga	lotononidis	5
45ANA	JE2571RP4	Escherichia	coli	3
45ANA	PsFluSBW25	Pseudomonas	fluorescens	155
45ANB	HAMBI-0097	Acinetobacter	lwoffii	28
45ANB	HAMBI-0105	Agrobacterium	tumefaciens	1783
45ANB	HAMBI-0216	Azorhizobium	caulinodans	4
45ANB	HAMBI-0262	Brevundimonas	bullata	2
45ANB	HAMBI-0403	Comamonas	testosteroni	151
45ANB	HAMBI-1279	Hafnia	alvei	422
45ANB	HAMBI-1287	Citrobacter	koseri	21533
45ANB	HAMBI-1292	Morganella	morganii	16
45ANB	HAMBI-1299	Kluyvera	intermedia	786
45ANB	HAMBI-1842	Sphingobium	yanoikuyae	0
45ANB	HAMBI-1874	Sphingobacterium	multivorum	0
45ANB	HAMBI-1896	Sphingobacterium	spiritivorum	2549
45ANB	HAMBI-1923	Myroides	odoratus	1328
45ANB	HAMBI-1966	Chitinophaga	filiformis	0
45ANB	HAMBI-1972	Aeromonas	caviae	5220
45ANB	HAMBI-1988	Chitinophaga	sancti	1
45ANB	HAMBI-1992	Phyllobacterium	myrsinacearum	240
45ANB	HAMBI-2159	Paraburkholderia	caryophylli	10
45ANB	HAMBI-2160	Bordetella	avium	226
45ANB	HAMBI-2164	Cupriavidus	necator	401
45ANB	HAMBI-2443	Paracoccus	denitrificans	0
45ANB	HAMBI-2467	Thermomonas	haemolytica	0
45ANB	HAMBI-2494	Paraburkholderia	kururiensis	69
45ANB	HAMBI-2659	Stenotrophomonas	maltophilia	2800
45ANB	HAMBI-2792	Moraxella	canis	2
45ANB	HAMBI-3031	Niabella	yanshanensis	0
45ANB	HAMBI-3172	Azospirillum	brasilense	216
45ANB	HAMBI-3237	Microvirga	lotononidis	8
45ANB	JE2571RP4	Escherichia	coli	2
45ANB	PsFluSBW25	Pseudomonas	fluorescens	193
45ANC	HAMBI-0097	Acinetobacter	lwoffii	19
45ANC	HAMBI-0105	Agrobacterium	tumefaciens	1673
45ANC	HAMBI-0216	Azorhizobium	caulinodans	5
45ANC	HAMBI-0262	Brevundimonas	bullata	2
45ANC	HAMBI-0403	Comamonas	testosteroni	190
45ANC	HAMBI-1279	Hafnia	alvei	376
45ANC	HAMBI-1287	Citrobacter	koseri	22261
45ANC	HAMBI-1292	Morganella	morganii	15
45ANC	HAMBI-1299	Kluyvera	intermedia	788
45ANC	HAMBI-1842	Sphingobium	yanoikuyae	0
45ANC	HAMBI-1874	Sphingobacterium	multivorum	1
45ANC	HAMBI-1896	Sphingobacterium	spiritivorum	2311
45ANC	HAMBI-1923	Myroides	odoratus	1149
45ANC	HAMBI-1966	Chitinophaga	filiformis	0
45ANC	HAMBI-1972	Aeromonas	caviae	4476
45ANC	HAMBI-1988	Chitinophaga	sancti	0
45ANC	HAMBI-1992	Phyllobacterium	myrsinacearum	322
45ANC	HAMBI-2159	Paraburkholderia	caryophylli	7
45ANC	HAMBI-2160	Bordetella	avium	193
45ANC	HAMBI-2164	Cupriavidus	necator	287
45ANC	HAMBI-2443	Paracoccus	denitrificans	0
45ANC	HAMBI-2467	Thermomonas	haemolytica	0
45ANC	HAMBI-2494	Paraburkholderia	kururiensis	107
45ANC	HAMBI-2659	Stenotrophomonas	maltophilia	1964
45ANC	HAMBI-2792	Moraxella	canis	6
45ANC	HAMBI-3031	Niabella	yanshanensis	177
45ANC	HAMBI-3172	Azospirillum	brasilense	177
45ANC	HAMBI-3237	Microvirga	lotononidis	10
45ANC	JE2571RP4	Escherichia	coli	1
45ANC	PsFluSBW25	Pseudomonas	fluorescens	196
45AYA	HAMBI-0097	Acinetobacter	lwoffii	0
45AYA	HAMBI-0105	Agrobacterium	tumefaciens	327
45AYA	HAMBI-0216	Azorhizobium	caulinodans	20
45AYA	HAMBI-0262	Brevundimonas	bullata	0
45AYA	HAMBI-0403	Comamonas	testosteroni	24
45AYA	HAMBI-1279	Hafnia	alvei	2
45AYA	HAMBI-1287	Citrobacter	koseri	11557
45AYA	HAMBI-1292	Morganella	morganii	7
45AYA	HAMBI-1299	Kluyvera	intermedia	5
45AYA	HAMBI-1842	Sphingobium	yanoikuyae	0
45AYA	HAMBI-1874	Sphingobacterium	multivorum	318
45AYA	HAMBI-1896	Sphingobacterium	spiritivorum	977
45AYA	HAMBI-1923	Myroides	odoratus	388
45AYA	HAMBI-1966	Chitinophaga	filiformis	0
45AYA	HAMBI-1972	Aeromonas	caviae	299
45AYA	HAMBI-1988	Chitinophaga	sancti	0
45AYA	HAMBI-1992	Phyllobacterium	myrsinacearum	61
45AYA	HAMBI-2159	Paraburkholderia	caryophylli	11
45AYA	HAMBI-2160	Bordetella	avium	46
45AYA	HAMBI-2164	Cupriavidus	necator	228
45AYA	HAMBI-2443	Paracoccus	denitrificans	183
45AYA	HAMBI-2467	Thermomonas	haemolytica	0
45AYA	HAMBI-2494	Paraburkholderia	kururiensis	22
45AYA	HAMBI-2659	Stenotrophomonas	maltophilia	1165
45AYA	HAMBI-2792	Moraxella	canis	0
45AYA	HAMBI-3031	Niabella	yanshanensis	72
45AYA	HAMBI-3172	Azospirillum	brasilense	42
45AYA	HAMBI-3237	Microvirga	lotononidis	11
45AYA	JE2571RP4	Escherichia	coli	0
45AYA	PsFluSBW25	Pseudomonas	fluorescens	13
45AYB	HAMBI-0097	Acinetobacter	lwoffii	0
45AYB	HAMBI-0105	Agrobacterium	tumefaciens	189
45AYB	HAMBI-0216	Azorhizobium	caulinodans	1
45AYB	HAMBI-0262	Brevundimonas	bullata	0
45AYB	HAMBI-0403	Comamonas	testosteroni	16
45AYB	HAMBI-1279	Hafnia	alvei	0
45AYB	HAMBI-1287	Citrobacter	koseri	18305
45AYB	HAMBI-1292	Morganella	morganii	1
45AYB	HAMBI-1299	Kluyvera	intermedia	2
45AYB	HAMBI-1842	Sphingobium	yanoikuyae	0
45AYB	HAMBI-1874	Sphingobacterium	multivorum	655
45AYB	HAMBI-1896	Sphingobacterium	spiritivorum	1604
45AYB	HAMBI-1923	Myroides	odoratus	433
45AYB	HAMBI-1966	Chitinophaga	filiformis	0
45AYB	HAMBI-1972	Aeromonas	caviae	105
45AYB	HAMBI-1988	Chitinophaga	sancti	0
45AYB	HAMBI-1992	Phyllobacterium	myrsinacearum	87
45AYB	HAMBI-2159	Paraburkholderia	caryophylli	4
45AYB	HAMBI-2160	Bordetella	avium	115
45AYB	HAMBI-2164	Cupriavidus	necator	434
45AYB	HAMBI-2443	Paracoccus	denitrificans	421
45AYB	HAMBI-2467	Thermomonas	haemolytica	0
45AYB	HAMBI-2494	Paraburkholderia	kururiensis	37
45AYB	HAMBI-2659	Stenotrophomonas	maltophilia	1358
45AYB	HAMBI-2792	Moraxella	canis	0
45AYB	HAMBI-3031	Niabella	yanshanensis	115
45AYB	HAMBI-3172	Azospirillum	brasilense	347
45AYB	HAMBI-3237	Microvirga	lotononidis	14
45AYB	JE2571RP4	Escherichia	coli	0
45AYB	PsFluSBW25	Pseudomonas	fluorescens	26
45AYC	HAMBI-0097	Acinetobacter	lwoffii	0
45AYC	HAMBI-0105	Agrobacterium	tumefaciens	825
45AYC	HAMBI-0216	Azorhizobium	caulinodans	11
45AYC	HAMBI-0262	Brevundimonas	bullata	0
45AYC	HAMBI-0403	Comamonas	testosteroni	55
45AYC	HAMBI-1279	Hafnia	alvei	3
45AYC	HAMBI-1287	Citrobacter	koseri	32064
45AYC	HAMBI-1292	Morganella	morganii	1
45AYC	HAMBI-1299	Kluyvera	intermedia	2
45AYC	HAMBI-1842	Sphingobium	yanoikuyae	0
45AYC	HAMBI-1874	Sphingobacterium	multivorum	1041
45AYC	HAMBI-1896	Sphingobacterium	spiritivorum	2256
45AYC	HAMBI-1923	Myroides	odoratus	636
45AYC	HAMBI-1966	Chitinophaga	filiformis	0
45AYC	HAMBI-1972	Aeromonas	caviae	373
45AYC	HAMBI-1988	Chitinophaga	sancti	0
45AYC	HAMBI-1992	Phyllobacterium	myrsinacearum	223
45AYC	HAMBI-2159	Paraburkholderia	caryophylli	10
45AYC	HAMBI-2160	Bordetella	avium	150
45AYC	HAMBI-2164	Cupriavidus	necator	727
45AYC	HAMBI-2443	Paracoccus	denitrificans	888
45AYC	HAMBI-2467	Thermomonas	haemolytica	0
45AYC	HAMBI-2494	Paraburkholderia	kururiensis	76
45AYC	HAMBI-2659	Stenotrophomonas	maltophilia	1561
45AYC	HAMBI-2792	Moraxella	canis	0
45AYC	HAMBI-3031	Niabella	yanshanensis	229
45AYC	HAMBI-3172	Azospirillum	brasilense	1183
45AYC	HAMBI-3237	Microvirga	lotononidis	4
45AYC	JE2571RP4	Escherichia	coli	0
45AYC	PsFluSBW25	Pseudomonas	fluorescens	42
45CNA	HAMBI-0097	Acinetobacter	lwoffii	84
45CNA	HAMBI-0105	Agrobacterium	tumefaciens	1175
45CNA	HAMBI-0216	Azorhizobium	caulinodans	13
45CNA	HAMBI-0262	Brevundimonas	bullata	10
45CNA	HAMBI-0403	Comamonas	testosteroni	617
45CNA	HAMBI-1279	Hafnia	alvei	1422
45CNA	HAMBI-1287	Citrobacter	koseri	57147
45CNA	HAMBI-1292	Morganella	morganii	137
45CNA	HAMBI-1299	Kluyvera	intermedia	4488
45CNA	HAMBI-1842	Sphingobium	yanoikuyae	0
45CNA	HAMBI-1874	Sphingobacterium	multivorum	3
45CNA	HAMBI-1896	Sphingobacterium	spiritivorum	6034
45CNA	HAMBI-1923	Myroides	odoratus	2483
45CNA	HAMBI-1966	Chitinophaga	filiformis	0
45CNA	HAMBI-1972	Aeromonas	caviae	15398
45CNA	HAMBI-1988	Chitinophaga	sancti	2
45CNA	HAMBI-1992	Phyllobacterium	myrsinacearum	387
45CNA	HAMBI-2159	Paraburkholderia	caryophylli	22
45CNA	HAMBI-2160	Bordetella	avium	654
45CNA	HAMBI-2164	Cupriavidus	necator	1279
45CNA	HAMBI-2443	Paracoccus	denitrificans	2649
45CNA	HAMBI-2467	Thermomonas	haemolytica	0
45CNA	HAMBI-2494	Paraburkholderia	kururiensis	218
45CNA	HAMBI-2659	Stenotrophomonas	maltophilia	3705
45CNA	HAMBI-2792	Moraxella	canis	7
45CNA	HAMBI-3031	Niabella	yanshanensis	347
45CNA	HAMBI-3172	Azospirillum	brasilense	116
45CNA	HAMBI-3237	Microvirga	lotononidis	6
45CNA	JE2571RP4	Escherichia	coli	7
45CNA	PsFluSBW25	Pseudomonas	fluorescens	258
45CNB	HAMBI-0097	Acinetobacter	lwoffii	75
45CNB	HAMBI-0105	Agrobacterium	tumefaciens	1693
45CNB	HAMBI-0216	Azorhizobium	caulinodans	13
45CNB	HAMBI-0262	Brevundimonas	bullata	20
45CNB	HAMBI-0403	Comamonas	testosteroni	1091
45CNB	HAMBI-1279	Hafnia	alvei	1287
45CNB	HAMBI-1287	Citrobacter	koseri	64977
45CNB	HAMBI-1292	Morganella	morganii	151
45CNB	HAMBI-1299	Kluyvera	intermedia	5098
45CNB	HAMBI-1842	Sphingobium	yanoikuyae	1
45CNB	HAMBI-1874	Sphingobacterium	multivorum	3
45CNB	HAMBI-1896	Sphingobacterium	spiritivorum	6936
45CNB	HAMBI-1923	Myroides	odoratus	3476
45CNB	HAMBI-1966	Chitinophaga	filiformis	2
45CNB	HAMBI-1972	Aeromonas	caviae	17783
45CNB	HAMBI-1988	Chitinophaga	sancti	3
45CNB	HAMBI-1992	Phyllobacterium	myrsinacearum	823
45CNB	HAMBI-2159	Paraburkholderia	caryophylli	27
45CNB	HAMBI-2160	Bordetella	avium	532
45CNB	HAMBI-2164	Cupriavidus	necator	2395
45CNB	HAMBI-2443	Paracoccus	denitrificans	3137
45CNB	HAMBI-2467	Thermomonas	haemolytica	1
45CNB	HAMBI-2494	Paraburkholderia	kururiensis	471
45CNB	HAMBI-2659	Stenotrophomonas	maltophilia	3501
45CNB	HAMBI-2792	Moraxella	canis	17
45CNB	HAMBI-3031	Niabella	yanshanensis	379
45CNB	HAMBI-3172	Azospirillum	brasilense	155
45CNB	HAMBI-3237	Microvirga	lotononidis	4
45CNB	JE2571RP4	Escherichia	coli	6
45CNB	PsFluSBW25	Pseudomonas	fluorescens	221
45CNC	HAMBI-0097	Acinetobacter	lwoffii	34
45CNC	HAMBI-0105	Agrobacterium	tumefaciens	2078
45CNC	HAMBI-0216	Azorhizobium	caulinodans	47
45CNC	HAMBI-0262	Brevundimonas	bullata	5
45CNC	HAMBI-0403	Comamonas	testosteroni	812
45CNC	HAMBI-1279	Hafnia	alvei	1618
45CNC	HAMBI-1287	Citrobacter	koseri	95566
45CNC	HAMBI-1292	Morganella	morganii	117
45CNC	HAMBI-1299	Kluyvera	intermedia	6136
45CNC	HAMBI-1842	Sphingobium	yanoikuyae	0
45CNC	HAMBI-1874	Sphingobacterium	multivorum	3
45CNC	HAMBI-1896	Sphingobacterium	spiritivorum	9892
45CNC	HAMBI-1923	Myroides	odoratus	3805
45CNC	HAMBI-1966	Chitinophaga	filiformis	0
45CNC	HAMBI-1972	Aeromonas	caviae	24418
45CNC	HAMBI-1988	Chitinophaga	sancti	3
45CNC	HAMBI-1992	Phyllobacterium	myrsinacearum	1336
45CNC	HAMBI-2159	Paraburkholderia	caryophylli	27
45CNC	HAMBI-2160	Bordetella	avium	540
45CNC	HAMBI-2164	Cupriavidus	necator	797
45CNC	HAMBI-2443	Paracoccus	denitrificans	1
45CNC	HAMBI-2467	Thermomonas	haemolytica	0
45CNC	HAMBI-2494	Paraburkholderia	kururiensis	179
45CNC	HAMBI-2659	Stenotrophomonas	maltophilia	2514
45CNC	HAMBI-2792	Moraxella	canis	16
45CNC	HAMBI-3031	Niabella	yanshanensis	943
45CNC	HAMBI-3172	Azospirillum	brasilense	152
45CNC	HAMBI-3237	Microvirga	lotononidis	0
45CNC	JE2571RP4	Escherichia	coli	5
45CNC	PsFluSBW25	Pseudomonas	fluorescens	305
45CYA	HAMBI-0097	Acinetobacter	lwoffii	0
45CYA	HAMBI-0105	Agrobacterium	tumefaciens	1548
45CYA	HAMBI-0216	Azorhizobium	caulinodans	8
45CYA	HAMBI-0262	Brevundimonas	bullata	0
45CYA	HAMBI-0403	Comamonas	testosteroni	99
45CYA	HAMBI-1279	Hafnia	alvei	6
45CYA	HAMBI-1287	Citrobacter	koseri	36139
45CYA	HAMBI-1292	Morganella	morganii	17
45CYA	HAMBI-1299	Kluyvera	intermedia	16
45CYA	HAMBI-1842	Sphingobium	yanoikuyae	0
45CYA	HAMBI-1874	Sphingobacterium	multivorum	1098
45CYA	HAMBI-1896	Sphingobacterium	spiritivorum	2783
45CYA	HAMBI-1923	Myroides	odoratus	1146
45CYA	HAMBI-1966	Chitinophaga	filiformis	0
45CYA	HAMBI-1972	Aeromonas	caviae	459
45CYA	HAMBI-1988	Chitinophaga	sancti	0
45CYA	HAMBI-1992	Phyllobacterium	myrsinacearum	471
45CYA	HAMBI-2159	Paraburkholderia	caryophylli	10
45CYA	HAMBI-2160	Bordetella	avium	143
45CYA	HAMBI-2164	Cupriavidus	necator	1384
45CYA	HAMBI-2443	Paracoccus	denitrificans	535
45CYA	HAMBI-2467	Thermomonas	haemolytica	0
45CYA	HAMBI-2494	Paraburkholderia	kururiensis	49
45CYA	HAMBI-2659	Stenotrophomonas	maltophilia	1724
45CYA	HAMBI-2792	Moraxella	canis	0
45CYA	HAMBI-3031	Niabella	yanshanensis	205
45CYA	HAMBI-3172	Azospirillum	brasilense	1143
45CYA	HAMBI-3237	Microvirga	lotononidis	15
45CYA	JE2571RP4	Escherichia	coli	0
45CYA	PsFluSBW25	Pseudomonas	fluorescens	90
45CYB	HAMBI-0097	Acinetobacter	lwoffii	0
45CYB	HAMBI-0105	Agrobacterium	tumefaciens	1480
45CYB	HAMBI-0216	Azorhizobium	caulinodans	7
45CYB	HAMBI-0262	Brevundimonas	bullata	0
45CYB	HAMBI-0403	Comamonas	testosteroni	286
45CYB	HAMBI-1279	Hafnia	alvei	0
45CYB	HAMBI-1287	Citrobacter	koseri	19087
45CYB	HAMBI-1292	Morganella	morganii	24
45CYB	HAMBI-1299	Kluyvera	intermedia	24
45CYB	HAMBI-1842	Sphingobium	yanoikuyae	0
45CYB	HAMBI-1874	Sphingobacterium	multivorum	448
45CYB	HAMBI-1896	Sphingobacterium	spiritivorum	1044
45CYB	HAMBI-1923	Myroides	odoratus	795
45CYB	HAMBI-1966	Chitinophaga	filiformis	0
45CYB	HAMBI-1972	Aeromonas	caviae	78
45CYB	HAMBI-1988	Chitinophaga	sancti	0
45CYB	HAMBI-1992	Phyllobacterium	myrsinacearum	465
45CYB	HAMBI-2159	Paraburkholderia	caryophylli	7
45CYB	HAMBI-2160	Bordetella	avium	173
45CYB	HAMBI-2164	Cupriavidus	necator	528
45CYB	HAMBI-2443	Paracoccus	denitrificans	258
45CYB	HAMBI-2467	Thermomonas	haemolytica	0
45CYB	HAMBI-2494	Paraburkholderia	kururiensis	95
45CYB	HAMBI-2659	Stenotrophomonas	maltophilia	2237
45CYB	HAMBI-2792	Moraxella	canis	0
45CYB	HAMBI-3031	Niabella	yanshanensis	69
45CYB	HAMBI-3172	Azospirillum	brasilense	100
45CYB	HAMBI-3237	Microvirga	lotononidis	37
45CYB	JE2571RP4	Escherichia	coli	0
45CYB	PsFluSBW25	Pseudomonas	fluorescens	80
45CYC	HAMBI-0097	Acinetobacter	lwoffii	0
45CYC	HAMBI-0105	Agrobacterium	tumefaciens	1255
45CYC	HAMBI-0216	Azorhizobium	caulinodans	43
45CYC	HAMBI-0262	Brevundimonas	bullata	0
45CYC	HAMBI-0403	Comamonas	testosteroni	183
45CYC	HAMBI-1279	Hafnia	alvei	1
45CYC	HAMBI-1287	Citrobacter	koseri	46129
45CYC	HAMBI-1292	Morganella	morganii	26
45CYC	HAMBI-1299	Kluyvera	intermedia	17
45CYC	HAMBI-1842	Sphingobium	yanoikuyae	0
45CYC	HAMBI-1874	Sphingobacterium	multivorum	1918
45CYC	HAMBI-1896	Sphingobacterium	spiritivorum	3716
45CYC	HAMBI-1923	Myroides	odoratus	1203
45CYC	HAMBI-1966	Chitinophaga	filiformis	0
45CYC	HAMBI-1972	Aeromonas	caviae	1181
45CYC	HAMBI-1988	Chitinophaga	sancti	0
45CYC	HAMBI-1992	Phyllobacterium	myrsinacearum	264
45CYC	HAMBI-2159	Paraburkholderia	caryophylli	6
45CYC	HAMBI-2160	Bordetella	avium	184
45CYC	HAMBI-2164	Cupriavidus	necator	770
45CYC	HAMBI-2443	Paracoccus	denitrificans	1266
45CYC	HAMBI-2467	Thermomonas	haemolytica	0
45CYC	HAMBI-2494	Paraburkholderia	kururiensis	19
45CYC	HAMBI-2659	Stenotrophomonas	maltophilia	2074
45CYC	HAMBI-2792	Moraxella	canis	0
45CYC	HAMBI-3031	Niabella	yanshanensis	133
45CYC	HAMBI-3172	Azospirillum	brasilense	86
45CYC	HAMBI-3237	Microvirga	lotononidis	14
45CYC	JE2571RP4	Escherichia	coli	0
45CYC	PsFluSBW25	Pseudomonas	fluorescens	30
