Accession	Title	Links	Status	Release Date	Created	Updated	Submission	SRA.filename
SRR14323812	16S rRNA amplicon sequencing of synthetic 24 species bacterial community	BioProject: 1, BioSample: 1	Released	2021-04-27	2021-04-26T13:33:16Z	2021-04-27T08:23:10Z	SUB9540694	HNPevo2-d21_R1.fastq.gz, HNPevo2-d21_R2.fastq.gz
SRR14323720	16S rRNA amplicon sequencing of synthetic 24 species bacterial community	BioProject: 1, BioSample: 1	Released	2021-04-27	2021-04-26T13:33:10Z	2021-04-27T08:19:19Z	SUB9540694	HPevo4-d29_R1.fastq.gz, HPevo4-d29_R2.fastq.gz
SRR14323739	16S rRNA amplicon sequencing of synthetic 24 species bacterial community	BioProject: 1, BioSample: 1	Released	2021-04-27	2021-04-26T13:33:11Z	2021-04-27T08:19:19Z	SUB9540694	HPevo2-d21_R1.fastq.gz, HPevo2-d21_R2.fastq.gz
SRR14323740	16S rRNA amplicon sequencing of synthetic 24 species bacterial community	BioProject: 1, BioSample: 1	Released	2021-04-27	2021-04-26T13:33:11Z	2021-04-27T08:19:19Z	SUB9540694	HPevo2-d17_R1.fastq.gz, HPevo2-d17_R2.fastq.gz
SRR14323759	16S rRNA amplicon sequencing of synthetic 24 species bacterial community	BioProject: 1, BioSample: 1	Released	2021-04-27	2021-04-26T13:33:12Z	2021-04-27T08:19:18Z	SUB9540694	HPanc4-d21_R1.fastq.gz, HPanc4-d21_R2.fastq.gz
SRR14323732	16S rRNA amplicon sequencing of synthetic 24 species bacterial community	BioProject: 1, BioSample: 1	Released	2021-04-27	2021-04-26T13:33:10Z	2021-04-27T07:52:32Z	SUB9540694	HPevo3-d13_R1.fastq.gz, HPevo3-d13_R2.fastq.gz
SRR14323767	16S rRNA amplicon sequencing of synthetic 24 species bacterial community	BioProject: 1, BioSample: 1	Released	2021-04-27	2021-04-26T13:33:13Z	2021-04-27T07:51:47Z	SUB9540694	HPanc3-d29_R1.fastq.gz, HPanc3-d29_R2.fastq.gz
SRR14323769	16S rRNA amplicon sequencing of synthetic 24 species bacterial community	BioProject: 1, BioSample: 1	Released	2021-04-27	2021-04-26T13:33:13Z	2021-04-27T07:51:47Z	SUB9540694	HPanc3-d17_R1.fastq.gz, HPanc3-d17_R2.fastq.gz
SRR14323770	16S rRNA amplicon sequencing of synthetic 24 species bacterial community	BioProject: 1, BioSample: 1	Released	2021-04-27	2021-04-26T13:33:13Z	2021-04-27T07:51:47Z	SUB9540694	HPanc3-d13_R1.fastq.gz, HPanc3-d13_R2.fastq.gz
SRR14323771	16S rRNA amplicon sequencing of synthetic 24 species bacterial community	BioProject: 1, BioSample: 1	Released	2021-04-27	2021-04-26T13:33:13Z	2021-04-27T07:51:47Z	SUB9540694	HPanc2-d9_R1.fastq.gz, HPanc2-d9_R2.fastq.gz
SRR14323772	16S rRNA amplicon sequencing of synthetic 24 species bacterial community	BioProject: 1, BioSample: 1	Released	2021-04-27	2021-04-26T13:33:13Z	2021-04-27T07:51:47Z	SUB9540694	H3-d61_R1.fastq.gz, H3-d61_R2.fastq.gz
SRR14323773	16S rRNA amplicon sequencing of synthetic 24 species bacterial community	BioProject: 1, BioSample: 1	Released	2021-04-27	2021-04-26T13:33:13Z	2021-04-27T07:51:47Z	SUB9540694	HPanc2-d61_R1.fastq.gz, HPanc2-d61_R2.fastq.gz
SRR14323774	16S rRNA amplicon sequencing of synthetic 24 species bacterial community	BioProject: 1, BioSample: 1	Released	2021-04-27	2021-04-26T13:33:13Z	2021-04-27T07:51:47Z	SUB9540694	HPanc2-d5_R1.fastq.gz, HPanc2-d5_R2.fastq.gz
SRR14323775	16S rRNA amplicon sequencing of synthetic 24 species bacterial community	BioProject: 1, BioSample: 1	Released	2021-04-27	2021-04-26T13:33:13Z	2021-04-27T07:51:47Z	SUB9540694	HPanc2-d45_R1.fastq.gz, HPanc2-d45_R2.fastq.gz
SRR14323776	16S rRNA amplicon sequencing of synthetic 24 species bacterial community	BioProject: 1, BioSample: 1	Released	2021-04-27	2021-04-26T13:33:13Z	2021-04-27T07:51:47Z	SUB9540694	HPanc2-d29_R1.fastq.gz, HPanc2-d29_R2.fastq.gz
SRR14323777	16S rRNA amplicon sequencing of synthetic 24 species bacterial community	BioProject: 1, BioSample: 1	Released	2021-04-27	2021-04-26T13:33:13Z	2021-04-27T07:51:47Z	SUB9540694	HPanc2-d21_R1.fastq.gz, HPanc2-d21_R2.fastq.gz
SRR14323765	16S rRNA amplicon sequencing of synthetic 24 species bacterial community	BioProject: 1, BioSample: 1	Released	2021-04-27	2021-04-26T13:33:13Z	2021-04-27T07:51:47Z	SUB9540694	HPanc3-d5_R1.fastq.gz, HPanc3-d5_R2.fastq.gz
SRR14323645	16S rRNA amplicon sequencing of synthetic 24 species bacterial community	BioProject: 1, BioSample: 1	Released	2021-04-27	2021-04-26T13:33:04Z	2021-04-27T07:51:47Z	SUB9540694	HNPanc2-d61_R1.fastq.gz, HNPanc2-d61_R2.fastq.gz
SRR14323650	16S rRNA amplicon sequencing of synthetic 24 species bacterial community	BioProject: 1, BioSample: 1	Released	2021-04-27	2021-04-26T13:33:04Z	2021-04-27T07:51:47Z	SUB9540694	HNPanc2-d17_R1.fastq.gz, HNPanc2-d17_R2.fastq.gz
SRR14323778	16S rRNA amplicon sequencing of synthetic 24 species bacterial community	BioProject: 1, BioSample: 1	Released	2021-04-27	2021-04-26T13:33:14Z	2021-04-27T07:51:47Z	SUB9540694	HPanc2-d17_R1.fastq.gz, HPanc2-d17_R2.fastq.gz
SRR14323779	16S rRNA amplicon sequencing of synthetic 24 species bacterial community	BioProject: 1, BioSample: 1	Released	2021-04-27	2021-04-26T13:33:14Z	2021-04-27T07:51:47Z	SUB9540694	HPanc2-d13_R1.fastq.gz, HPanc2-d13_R2.fastq.gz
SRR14323635	16S rRNA amplicon sequencing of synthetic 24 species bacterial community	BioProject: 1, BioSample: 1	Released	2021-04-27	2021-04-26T13:33:03Z	2021-04-27T07:51:47Z	SUB9540694	HNPanc3-d9_R1.fastq.gz, HNPanc3-d9_R2.fastq.gz
SRR14323638	16S rRNA amplicon sequencing of synthetic 24 species bacterial community	BioProject: 1, BioSample: 1	Released	2021-04-27	2021-04-26T13:33:03Z	2021-04-27T07:51:47Z	SUB9540694	HNPanc3-d45_R1.fastq.gz, HNPanc3-d45_R2.fastq.gz
SRR14323643	16S rRNA amplicon sequencing of synthetic 24 species bacterial community	BioProject: 1, BioSample: 1	Released	2021-04-27	2021-04-26T13:33:04Z	2021-04-27T07:51:47Z	SUB9540694	HNPanc3-d13_R1.fastq.gz, HNPanc3-d13_R2.fastq.gz
SRR14323791	16S rRNA amplicon sequencing of synthetic 24 species bacterial community	BioProject: 1, BioSample: 1	Released	2021-04-27	2021-04-26T13:33:14Z	2021-04-27T07:51:46Z	SUB9540694	HNPevo4-d5_R1.fastq.gz, HNPevo4-d5_R2.fastq.gz
SRR14323792	16S rRNA amplicon sequencing of synthetic 24 species bacterial community	BioProject: 1, BioSample: 1	Released	2021-04-27	2021-04-26T13:33:15Z	2021-04-27T07:51:46Z	SUB9540694	HNPevo4-d45_R1.fastq.gz, HNPevo4-d45_R2.fastq.gz
SRR14323806	16S rRNA amplicon sequencing of synthetic 24 species bacterial community	BioProject: 1, BioSample: 1	Released	2021-04-27	2021-04-26T13:33:16Z	2021-04-27T07:51:46Z	SUB9540694	HNPevo3-d13_R1.fastq.gz, HNPevo3-d13_R2.fastq.gz
SRR14323807	16S rRNA amplicon sequencing of synthetic 24 species bacterial community	BioProject: 1, BioSample: 1	Released	2021-04-27	2021-04-26T13:33:16Z	2021-04-27T07:51:46Z	SUB9540694	HNPevo2-d9_R1.fastq.gz, HNPevo2-d9_R2.fastq.gz
SRR14323808	16S rRNA amplicon sequencing of synthetic 24 species bacterial community	BioProject: 1, BioSample: 1	Released	2021-04-27	2021-04-26T13:33:16Z	2021-04-27T07:51:46Z	SUB9540694	HNPevo2-d61_R1.fastq.gz, HNPevo2-d61_R2.fastq.gz
SRR14323809	16S rRNA amplicon sequencing of synthetic 24 species bacterial community	BioProject: 1, BioSample: 1	Released	2021-04-27	2021-04-26T13:33:16Z	2021-04-27T07:51:46Z	SUB9540694	HNPevo2-d5_R1.fastq.gz, HNPevo2-d5_R2.fastq.gz
SRR14323810	16S rRNA amplicon sequencing of synthetic 24 species bacterial community	BioProject: 1, BioSample: 1	Released	2021-04-27	2021-04-26T13:33:16Z	2021-04-27T07:51:46Z	SUB9540694	HNPevo2-d45_R1.fastq.gz, HNPevo2-d45_R2.fastq.gz
SRR14323811	16S rRNA amplicon sequencing of synthetic 24 species bacterial community	BioProject: 1, BioSample: 1	Released	2021-04-27	2021-04-26T13:33:16Z	2021-04-27T07:51:46Z	SUB9540694	HNPevo2-d29_R1.fastq.gz, HNPevo2-d29_R2.fastq.gz
SRR14323813	16S rRNA amplicon sequencing of synthetic 24 species bacterial community	BioProject: 1, BioSample: 1	Released	2021-04-27	2021-04-26T13:33:16Z	2021-04-27T07:51:46Z	SUB9540694	HNPevo2-d17_R1.fastq.gz, HNPevo2-d17_R2.fastq.gz
SRR14323814	16S rRNA amplicon sequencing of synthetic 24 species bacterial community	BioProject: 1, BioSample: 1	Released	2021-04-27	2021-04-26T13:33:16Z	2021-04-27T07:51:46Z	SUB9540694	HNPevo2-d13_R1.fastq.gz, HNPevo2-d13_R2.fastq.gz
SRR14323815	16S rRNA amplicon sequencing of synthetic 24 species bacterial community	BioProject: 1, BioSample: 1	Released	2021-04-27	2021-04-26T13:33:16Z	2021-04-27T07:51:46Z	SUB9540694	HNPanc5-d9_R1.fastq.gz, HNPanc5-d9_R2.fastq.gz
SRR14323793	16S rRNA amplicon sequencing of synthetic 24 species bacterial community	BioProject: 1, BioSample: 1	Released	2021-04-27	2021-04-26T13:33:15Z	2021-04-27T07:51:46Z	SUB9540694	HNPevo4-d29_R1.fastq.gz, HNPevo4-d29_R2.fastq.gz
SRR14323794	16S rRNA amplicon sequencing of synthetic 24 species bacterial community	BioProject: 1, BioSample: 1	Released	2021-04-27	2021-04-26T13:33:15Z	2021-04-27T07:51:46Z	SUB9540694	H3-d45_R1.fastq.gz, H3-d45_R2.fastq.gz
SRR14323795	16S rRNA amplicon sequencing of synthetic 24 species bacterial community	BioProject: 1, BioSample: 1	Released	2021-04-27	2021-04-26T13:33:15Z	2021-04-27T07:51:46Z	SUB9540694	HNPevo4-d21_R1.fastq.gz, HNPevo4-d21_R2.fastq.gz
SRR14323796	16S rRNA amplicon sequencing of synthetic 24 species bacterial community	BioProject: 1, BioSample: 1	Released	2021-04-27	2021-04-26T13:33:15Z	2021-04-27T07:51:46Z	SUB9540694	HNPevo4-d17_R1.fastq.gz, HNPevo4-d17_R2.fastq.gz
SRR14323797	16S rRNA amplicon sequencing of synthetic 24 species bacterial community	BioProject: 1, BioSample: 1	Released	2021-04-27	2021-04-26T13:33:15Z	2021-04-27T07:51:46Z	SUB9540694	HNPevo4-d13_R1.fastq.gz, HNPevo4-d13_R2.fastq.gz
SRR14323798	16S rRNA amplicon sequencing of synthetic 24 species bacterial community	BioProject: 1, BioSample: 1	Released	2021-04-27	2021-04-26T13:33:15Z	2021-04-27T07:51:46Z	SUB9540694	HNPevo3-d9_R1.fastq.gz, HNPevo3-d9_R2.fastq.gz
SRR14323799	16S rRNA amplicon sequencing of synthetic 24 species bacterial community	BioProject: 1, BioSample: 1	Released	2021-04-27	2021-04-26T13:33:15Z	2021-04-27T07:51:46Z	SUB9540694	HNPevo3-d61_R1.fastq.gz, HNPevo3-d61_R2.fastq.gz
SRR14323800	16S rRNA amplicon sequencing of synthetic 24 species bacterial community	BioProject: 1, BioSample: 1	Released	2021-04-27	2021-04-26T13:33:15Z	2021-04-27T07:51:46Z	SUB9540694	HNPevo3-d5_R1.fastq.gz, HNPevo3-d5_R2.fastq.gz
SRR14323801	16S rRNA amplicon sequencing of synthetic 24 species bacterial community	BioProject: 1, BioSample: 1	Released	2021-04-27	2021-04-26T13:33:15Z	2021-04-27T07:51:46Z	SUB9540694	HNPevo3-d45_R1.fastq.gz, HNPevo3-d45_R2.fastq.gz
SRR14323802	16S rRNA amplicon sequencing of synthetic 24 species bacterial community	BioProject: 1, BioSample: 1	Released	2021-04-27	2021-04-26T13:33:15Z	2021-04-27T07:51:46Z	SUB9540694	HNPevo3-d29_R1.fastq.gz, HNPevo3-d29_R2.fastq.gz
SRR14323803	16S rRNA amplicon sequencing of synthetic 24 species bacterial community	BioProject: 1, BioSample: 1	Released	2021-04-27	2021-04-26T13:33:15Z	2021-04-27T07:51:46Z	SUB9540694	HNPevo3-d21_R1.fastq.gz, HNPevo3-d21_R2.fastq.gz
SRR14323804	16S rRNA amplicon sequencing of synthetic 24 species bacterial community	BioProject: 1, BioSample: 1	Released	2021-04-27	2021-04-26T13:33:15Z	2021-04-27T07:51:46Z	SUB9540694	HNPevo3-d17_R1.fastq.gz, HNPevo3-d17_R2.fastq.gz
SRR14323805	16S rRNA amplicon sequencing of synthetic 24 species bacterial community	BioProject: 1, BioSample: 1	Released	2021-04-27	2021-04-26T13:33:16Z	2021-04-27T07:51:46Z	SUB9540694	H3-d29_R1.fastq.gz, H3-d29_R2.fastq.gz
SRR14323780	16S rRNA amplicon sequencing of synthetic 24 species bacterial community	BioProject: 1, BioSample: 1	Released	2021-04-27	2021-04-26T13:33:14Z	2021-04-27T07:51:46Z	SUB9540694	HNPevo5-d9_R1.fastq.gz, HNPevo5-d9_R2.fastq.gz
SRR14323781	16S rRNA amplicon sequencing of synthetic 24 species bacterial community	BioProject: 1, BioSample: 1	Released	2021-04-27	2021-04-26T13:33:14Z	2021-04-27T07:51:46Z	SUB9540694	HNPevo5-d61_R1.fastq.gz, HNPevo5-d61_R2.fastq.gz
SRR14323783	16S rRNA amplicon sequencing of synthetic 24 species bacterial community	BioProject: 1, BioSample: 1	Released	2021-04-27	2021-04-26T13:33:14Z	2021-04-27T07:51:46Z	SUB9540694	H3-d5_R1.fastq.gz, H3-d5_R2.fastq.gz
SRR14323784	16S rRNA amplicon sequencing of synthetic 24 species bacterial community	BioProject: 1, BioSample: 1	Released	2021-04-27	2021-04-26T13:33:14Z	2021-04-27T07:51:46Z	SUB9540694	HNPevo5-d45_R1.fastq.gz, HNPevo5-d45_R2.fastq.gz
SRR14323785	16S rRNA amplicon sequencing of synthetic 24 species bacterial community	BioProject: 1, BioSample: 1	Released	2021-04-27	2021-04-26T13:33:14Z	2021-04-27T07:51:46Z	SUB9540694	HNPevo5-d29_R1.fastq.gz, HNPevo5-d29_R2.fastq.gz
SRR14323786	16S rRNA amplicon sequencing of synthetic 24 species bacterial community	BioProject: 1, BioSample: 1	Released	2021-04-27	2021-04-26T13:33:14Z	2021-04-27T07:51:46Z	SUB9540694	HNPevo5-d21_R1.fastq.gz, HNPevo5-d21_R2.fastq.gz
SRR14323787	16S rRNA amplicon sequencing of synthetic 24 species bacterial community	BioProject: 1, BioSample: 1	Released	2021-04-27	2021-04-26T13:33:14Z	2021-04-27T07:51:46Z	SUB9540694	HNPevo5-d17_R1.fastq.gz, HNPevo5-d17_R2.fastq.gz
SRR14323788	16S rRNA amplicon sequencing of synthetic 24 species bacterial community	BioProject: 1, BioSample: 1	Released	2021-04-27	2021-04-26T13:33:14Z	2021-04-27T07:51:46Z	SUB9540694	HNPevo5-d13_R1.fastq.gz, HNPevo5-d13_R2.fastq.gz
SRR14323789	16S rRNA amplicon sequencing of synthetic 24 species bacterial community	BioProject: 1, BioSample: 1	Released	2021-04-27	2021-04-26T13:33:14Z	2021-04-27T07:51:46Z	SUB9540694	HNPevo4-d9_R1.fastq.gz, HNPevo4-d9_R2.fastq.gz
SRR14323790	16S rRNA amplicon sequencing of synthetic 24 species bacterial community	BioProject: 1, BioSample: 1	Released	2021-04-27	2021-04-26T13:33:14Z	2021-04-27T07:51:46Z	SUB9540694	HNPevo4-d61_R1.fastq.gz, HNPevo4-d61_R2.fastq.gz
SRR14323766	16S rRNA amplicon sequencing of synthetic 24 species bacterial community	BioProject: 1, BioSample: 1	Released	2021-04-27	2021-04-26T13:33:13Z	2021-04-27T07:51:24Z	SUB9540694	HPanc3-d45_R1.fastq.gz, HPanc3-d45_R2.fastq.gz
SRR14323768	16S rRNA amplicon sequencing of synthetic 24 species bacterial community	BioProject: 1, BioSample: 1	Released	2021-04-27	2021-04-26T13:33:13Z	2021-04-27T07:51:23Z	SUB9540694	HPanc3-d21_R1.fastq.gz, HPanc3-d21_R2.fastq.gz
SRR14323764	16S rRNA amplicon sequencing of synthetic 24 species bacterial community	BioProject: 1, BioSample: 1	Released	2021-04-27	2021-04-26T13:33:12Z	2021-04-27T07:51:22Z	SUB9540694	HPanc3-d61_R1.fastq.gz, HPanc3-d61_R2.fastq.gz
SRR14323782	16S rRNA amplicon sequencing of synthetic 24 species bacterial community	BioProject: 1, BioSample: 1	Released	2021-04-27	2021-04-26T13:33:14Z	2021-04-27T07:51:22Z	SUB9540694	HNPevo5-d5_R1.fastq.gz, HNPevo5-d5_R2.fastq.gz
SRR14323628	16S rRNA amplicon sequencing of synthetic 24 species bacterial community	BioProject: 1, BioSample: 1	Released	2021-04-27	2021-04-26T13:33:03Z	2021-04-27T07:50:25Z	SUB9540694	HNPanc4-d5_R1.fastq.gz, HNPanc4-d5_R2.fastq.gz
SRR14323630	16S rRNA amplicon sequencing of synthetic 24 species bacterial community	BioProject: 1, BioSample: 1	Released	2021-04-27	2021-04-26T13:33:03Z	2021-04-27T07:50:25Z	SUB9540694	HNPanc4-d45_R1.fastq.gz, HNPanc4-d45_R2.fastq.gz
SRR14323685	16S rRNA amplicon sequencing of synthetic 24 species bacterial community	BioProject: 1, BioSample: 1	Released	2021-04-27	2021-04-26T13:33:08Z	2021-04-27T07:50:24Z	SUB9540694	HN2-d21_R1.fastq.gz, HN2-d21_R2.fastq.gz
SRR14323686	16S rRNA amplicon sequencing of synthetic 24 species bacterial community	BioProject: 1, BioSample: 1	Released	2021-04-27	2021-04-26T13:33:08Z	2021-04-27T07:50:24Z	SUB9540694	HN2-d17_R1.fastq.gz, HN2-d17_R2.fastq.gz
SRR14323687	16S rRNA amplicon sequencing of synthetic 24 species bacterial community	BioProject: 1, BioSample: 1	Released	2021-04-27	2021-04-26T13:33:08Z	2021-04-27T07:50:24Z	SUB9540694	HN2-d13_R1.fastq.gz, HN2-d13_R2.fastq.gz
SRR14323688	16S rRNA amplicon sequencing of synthetic 24 species bacterial community	BioProject: 1, BioSample: 1	Released	2021-04-27	2021-04-26T13:33:08Z	2021-04-27T07:50:24Z	SUB9540694	HAMBI5_R1.fastq.gz, HAMBI5_R2.fastq.gz
SRR14323689	16S rRNA amplicon sequencing of synthetic 24 species bacterial community	BioProject: 1, BioSample: 1	Released	2021-04-27	2021-04-26T13:33:08Z	2021-04-27T07:50:24Z	SUB9540694	HAMBI4_R1.fastq.gz, HAMBI4_R2.fastq.gz
SRR14323690	16S rRNA amplicon sequencing of synthetic 24 species bacterial community	BioProject: 1, BioSample: 1	Released	2021-04-27	2021-04-26T13:33:08Z	2021-04-27T07:50:24Z	SUB9540694	HAMBI3_R1.fastq.gz, HAMBI3_R2.fastq.gz
SRR14323691	16S rRNA amplicon sequencing of synthetic 24 species bacterial community	BioProject: 1, BioSample: 1	Released	2021-04-27	2021-04-26T13:33:08Z	2021-04-27T07:50:24Z	SUB9540694	HAMBI2_R1.fastq.gz, HAMBI2_R2.fastq.gz
SRR14323692	16S rRNA amplicon sequencing of synthetic 24 species bacterial community	BioProject: 1, BioSample: 1	Released	2021-04-27	2021-04-26T13:33:08Z	2021-04-27T07:50:24Z	SUB9540694	HAMBI1_R1.fastq.gz, HAMBI1_R2.fastq.gz
SRR14323693	16S rRNA amplicon sequencing of synthetic 24 species bacterial community	BioProject: 1, BioSample: 1	Released	2021-04-27	2021-04-26T13:33:08Z	2021-04-27T07:50:24Z	SUB9540694	H5-d9_R1.fastq.gz, H5-d9_R2.fastq.gz
SRR14323694	16S rRNA amplicon sequencing of synthetic 24 species bacterial community	BioProject: 1, BioSample: 1	Released	2021-04-27	2021-04-26T13:33:08Z	2021-04-27T07:50:24Z	SUB9540694	H5-d61_R1.fastq.gz, H5-d61_R2.fastq.gz
SRR14323695	16S rRNA amplicon sequencing of synthetic 24 species bacterial community	BioProject: 1, BioSample: 1	Released	2021-04-27	2021-04-26T13:33:08Z	2021-04-27T07:50:24Z	SUB9540694	H2-d29_R1.fastq.gz, H2-d29_R2.fastq.gz
SRR14323696	16S rRNA amplicon sequencing of synthetic 24 species bacterial community	BioProject: 1, BioSample: 1	Released	2021-04-27	2021-04-26T13:33:08Z	2021-04-27T07:50:24Z	SUB9540694	H5-d5_R1.fastq.gz, H5-d5_R2.fastq.gz
SRR14323697	16S rRNA amplicon sequencing of synthetic 24 species bacterial community	BioProject: 1, BioSample: 1	Released	2021-04-27	2021-04-26T13:33:08Z	2021-04-27T07:50:24Z	SUB9540694	H5-d45_R1.fastq.gz, H5-d45_R2.fastq.gz
SRR14323698	16S rRNA amplicon sequencing of synthetic 24 species bacterial community	BioProject: 1, BioSample: 1	Released	2021-04-27	2021-04-26T13:33:09Z	2021-04-27T07:50:24Z	SUB9540694	H5-d29_R1.fastq.gz, H5-d29_R2.fastq.gz
SRR14323699	16S rRNA amplicon sequencing of synthetic 24 species bacterial community	BioProject: 1, BioSample: 1	Released	2021-04-27	2021-04-26T13:33:09Z	2021-04-27T07:50:24Z	SUB9540694	H5-d21_R1.fastq.gz, H5-d21_R2.fastq.gz
SRR14323700	16S rRNA amplicon sequencing of synthetic 24 species bacterial community	BioProject: 1, BioSample: 1	Released	2021-04-27	2021-04-26T13:33:09Z	2021-04-27T07:50:24Z	SUB9540694	H5-d17_R1.fastq.gz, H5-d17_R2.fastq.gz
SRR14323701	16S rRNA amplicon sequencing of synthetic 24 species bacterial community	BioProject: 1, BioSample: 1	Released	2021-04-27	2021-04-26T13:33:09Z	2021-04-27T07:50:24Z	SUB9540694	H5-d13_R1.fastq.gz, H5-d13_R2.fastq.gz
SRR14323702	16S rRNA amplicon sequencing of synthetic 24 species bacterial community	BioProject: 1, BioSample: 1	Released	2021-04-27	2021-04-26T13:33:09Z	2021-04-27T07:50:24Z	SUB9540694	H4-d9_R1.fastq.gz, H4-d9_R2.fastq.gz
SRR14323703	16S rRNA amplicon sequencing of synthetic 24 species bacterial community	BioProject: 1, BioSample: 1	Released	2021-04-27	2021-04-26T13:33:09Z	2021-04-27T07:50:24Z	SUB9540694	H4-d61_R1.fastq.gz, H4-d61_R2.fastq.gz
SRR14323704	16S rRNA amplicon sequencing of synthetic 24 species bacterial community	BioProject: 1, BioSample: 1	Released	2021-04-27	2021-04-26T13:33:09Z	2021-04-27T07:50:24Z	SUB9540694	H4-d5_R1.fastq.gz, H4-d5_R2.fastq.gz
SRR14323705	16S rRNA amplicon sequencing of synthetic 24 species bacterial community	BioProject: 1, BioSample: 1	Released	2021-04-27	2021-04-26T13:33:09Z	2021-04-27T07:50:24Z	SUB9540694	H4-d45_R1.fastq.gz, H4-d45_R2.fastq.gz
SRR14323706	16S rRNA amplicon sequencing of synthetic 24 species bacterial community	BioProject: 1, BioSample: 1	Released	2021-04-27	2021-04-26T13:33:09Z	2021-04-27T07:50:24Z	SUB9540694	H2-d21_R1.fastq.gz, H2-d21_R2.fastq.gz
SRR14323707	16S rRNA amplicon sequencing of synthetic 24 species bacterial community	BioProject: 1, BioSample: 1	Released	2021-04-27	2021-04-26T13:33:09Z	2021-04-27T07:50:24Z	SUB9540694	HPevo5-d9_R1.fastq.gz, HPevo5-d9_R2.fastq.gz
SRR14323708	16S rRNA amplicon sequencing of synthetic 24 species bacterial community	BioProject: 1, BioSample: 1	Released	2021-04-27	2021-04-26T13:33:09Z	2021-04-27T07:50:24Z	SUB9540694	HPevo5-d61_R1.fastq.gz, HPevo5-d61_R2.fastq.gz
SRR14323709	16S rRNA amplicon sequencing of synthetic 24 species bacterial community	BioProject: 1, BioSample: 1	Released	2021-04-27	2021-04-26T13:33:09Z	2021-04-27T07:50:24Z	SUB9540694	HPevo5-d5_R1.fastq.gz, HPevo5-d5_R2.fastq.gz
SRR14323710	16S rRNA amplicon sequencing of synthetic 24 species bacterial community	BioProject: 1, BioSample: 1	Released	2021-04-27	2021-04-26T13:33:09Z	2021-04-27T07:50:24Z	SUB9540694	HPevo5-d45_R1.fastq.gz, HPevo5-d45_R2.fastq.gz
SRR14323711	16S rRNA amplicon sequencing of synthetic 24 species bacterial community	BioProject: 1, BioSample: 1	Released	2021-04-27	2021-04-26T13:33:09Z	2021-04-27T07:50:24Z	SUB9540694	HPevo5-d29_R1.fastq.gz, HPevo5-d29_R2.fastq.gz
SRR14323712	16S rRNA amplicon sequencing of synthetic 24 species bacterial community	BioProject: 1, BioSample: 1	Released	2021-04-27	2021-04-26T13:33:09Z	2021-04-27T07:50:24Z	SUB9540694	HPevo5-d21_R1.fastq.gz, HPevo5-d21_R2.fastq.gz
SRR14323713	16S rRNA amplicon sequencing of synthetic 24 species bacterial community	BioProject: 1, BioSample: 1	Released	2021-04-27	2021-04-26T13:33:09Z	2021-04-27T07:50:24Z	SUB9540694	HPevo5-d17_R1.fastq.gz, HPevo5-d17_R2.fastq.gz
SRR14323714	16S rRNA amplicon sequencing of synthetic 24 species bacterial community	BioProject: 1, BioSample: 1	Released	2021-04-27	2021-04-26T13:33:09Z	2021-04-27T07:50:24Z	SUB9540694	H4-d29_R1.fastq.gz, H4-d29_R2.fastq.gz
SRR14323715	16S rRNA amplicon sequencing of synthetic 24 species bacterial community	BioProject: 1, BioSample: 1	Released	2021-04-27	2021-04-26T13:33:10Z	2021-04-27T07:50:24Z	SUB9540694	HPevo5-d13_R1.fastq.gz, HPevo5-d13_R2.fastq.gz
SRR14323633	16S rRNA amplicon sequencing of synthetic 24 species bacterial community	BioProject: 1, BioSample: 1	Released	2021-04-27	2021-04-26T13:33:03Z	2021-04-27T07:50:24Z	SUB9540694	HNPanc4-d17_R1.fastq.gz, HNPanc4-d17_R2.fastq.gz
SRR14323634	16S rRNA amplicon sequencing of synthetic 24 species bacterial community	BioProject: 1, BioSample: 1	Released	2021-04-27	2021-04-26T13:33:03Z	2021-04-27T07:50:24Z	SUB9540694	HNPanc4-d13_R1.fastq.gz, HNPanc4-d13_R2.fastq.gz
SRR14323636	16S rRNA amplicon sequencing of synthetic 24 species bacterial community	BioProject: 1, BioSample: 1	Released	2021-04-27	2021-04-26T13:33:03Z	2021-04-27T07:50:24Z	SUB9540694	HNPanc3-d61_R1.fastq.gz, HNPanc3-d61_R2.fastq.gz
SRR14323641	16S rRNA amplicon sequencing of synthetic 24 species bacterial community	BioProject: 1, BioSample: 1	Released	2021-04-27	2021-04-26T13:33:04Z	2021-04-27T07:50:24Z	SUB9540694	HNPanc3-d21_R1.fastq.gz, HNPanc3-d21_R2.fastq.gz
SRR14323642	16S rRNA amplicon sequencing of synthetic 24 species bacterial community	BioProject: 1, BioSample: 1	Released	2021-04-27	2021-04-26T13:33:04Z	2021-04-27T07:50:24Z	SUB9540694	HNPanc3-d17_R1.fastq.gz, HNPanc3-d17_R2.fastq.gz
SRR14323644	16S rRNA amplicon sequencing of synthetic 24 species bacterial community	BioProject: 1, BioSample: 1	Released	2021-04-27	2021-04-26T13:33:04Z	2021-04-27T07:50:24Z	SUB9540694	HNPanc2-d9_R1.fastq.gz, HNPanc2-d9_R2.fastq.gz
SRR14323717	16S rRNA amplicon sequencing of synthetic 24 species bacterial community	BioProject: 1, BioSample: 1	Released	2021-04-27	2021-04-26T13:33:10Z	2021-04-27T07:50:23Z	SUB9540694	HPevo4-d61_R1.fastq.gz, HPevo4-d61_R2.fastq.gz
SRR14323718	16S rRNA amplicon sequencing of synthetic 24 species bacterial community	BioProject: 1, BioSample: 1	Released	2021-04-27	2021-04-26T13:33:10Z	2021-04-27T07:50:23Z	SUB9540694	HPevo4-d5_R1.fastq.gz, HPevo4-d5_R2.fastq.gz
SRR14323719	16S rRNA amplicon sequencing of synthetic 24 species bacterial community	BioProject: 1, BioSample: 1	Released	2021-04-27	2021-04-26T13:33:10Z	2021-04-27T07:50:23Z	SUB9540694	HPevo4-d45_R1.fastq.gz, HPevo4-d45_R2.fastq.gz
SRR14323721	16S rRNA amplicon sequencing of synthetic 24 species bacterial community	BioProject: 1, BioSample: 1	Released	2021-04-27	2021-04-26T13:33:10Z	2021-04-27T07:50:23Z	SUB9540694	HPevo4-d21_R1.fastq.gz, HPevo4-d21_R2.fastq.gz
SRR14323722	16S rRNA amplicon sequencing of synthetic 24 species bacterial community	BioProject: 1, BioSample: 1	Released	2021-04-27	2021-04-26T13:33:10Z	2021-04-27T07:50:23Z	SUB9540694	HPevo4-d17_R1.fastq.gz, HPevo4-d17_R2.fastq.gz
SRR14323723	16S rRNA amplicon sequencing of synthetic 24 species bacterial community	BioProject: 1, BioSample: 1	Released	2021-04-27	2021-04-26T13:33:10Z	2021-04-27T07:50:23Z	SUB9540694	HPevo4-d13_R1.fastq.gz, HPevo4-d13_R2.fastq.gz
SRR14323724	16S rRNA amplicon sequencing of synthetic 24 species bacterial community	BioProject: 1, BioSample: 1	Released	2021-04-27	2021-04-26T13:33:10Z	2021-04-27T07:50:23Z	SUB9540694	HPevo3-d9_R1.fastq.gz, HPevo3-d9_R2.fastq.gz
SRR14323725	16S rRNA amplicon sequencing of synthetic 24 species bacterial community	BioProject: 1, BioSample: 1	Released	2021-04-27	2021-04-26T13:33:10Z	2021-04-27T07:50:23Z	SUB9540694	H4-d21_R1.fastq.gz, H4-d21_R2.fastq.gz
SRR14323726	16S rRNA amplicon sequencing of synthetic 24 species bacterial community	BioProject: 1, BioSample: 1	Released	2021-04-27	2021-04-26T13:33:10Z	2021-04-27T07:50:23Z	SUB9540694	HPevo3-d61_R1.fastq.gz, HPevo3-d61_R2.fastq.gz
SRR14323727	16S rRNA amplicon sequencing of synthetic 24 species bacterial community	BioProject: 1, BioSample: 1	Released	2021-04-27	2021-04-26T13:33:10Z	2021-04-27T07:50:23Z	SUB9540694	HPevo3-d5_R1.fastq.gz, HPevo3-d5_R2.fastq.gz
SRR14323728	16S rRNA amplicon sequencing of synthetic 24 species bacterial community	BioProject: 1, BioSample: 1	Released	2021-04-27	2021-04-26T13:33:10Z	2021-04-27T07:50:23Z	SUB9540694	HPevo3-d45_R1.fastq.gz, HPevo3-d45_R2.fastq.gz
SRR14323729	16S rRNA amplicon sequencing of synthetic 24 species bacterial community	BioProject: 1, BioSample: 1	Released	2021-04-27	2021-04-26T13:33:10Z	2021-04-27T07:50:23Z	SUB9540694	HPevo3-d29_R1.fastq.gz, HPevo3-d29_R2.fastq.gz
SRR14323730	16S rRNA amplicon sequencing of synthetic 24 species bacterial community	BioProject: 1, BioSample: 1	Released	2021-04-27	2021-04-26T13:33:10Z	2021-04-27T07:50:23Z	SUB9540694	HPevo3-d21_R1.fastq.gz, HPevo3-d21_R2.fastq.gz
SRR14323731	16S rRNA amplicon sequencing of synthetic 24 species bacterial community	BioProject: 1, BioSample: 1	Released	2021-04-27	2021-04-26T13:33:10Z	2021-04-27T07:50:23Z	SUB9540694	HPevo3-d17_R1.fastq.gz, HPevo3-d17_R2.fastq.gz
SRR14323733	16S rRNA amplicon sequencing of synthetic 24 species bacterial community	BioProject: 1, BioSample: 1	Released	2021-04-27	2021-04-26T13:33:11Z	2021-04-27T07:50:23Z	SUB9540694	HPevo2-d9_R1.fastq.gz, HPevo2-d9_R2.fastq.gz
SRR14323734	16S rRNA amplicon sequencing of synthetic 24 species bacterial community	BioProject: 1, BioSample: 1	Released	2021-04-27	2021-04-26T13:33:11Z	2021-04-27T07:50:23Z	SUB9540694	HPevo2-d61_R1.fastq.gz, HPevo2-d61_R2.fastq.gz
SRR14323735	16S rRNA amplicon sequencing of synthetic 24 species bacterial community	BioProject: 1, BioSample: 1	Released	2021-04-27	2021-04-26T13:33:11Z	2021-04-27T07:50:23Z	SUB9540694	HPevo2-d5_R1.fastq.gz, HPevo2-d5_R2.fastq.gz
SRR14323736	16S rRNA amplicon sequencing of synthetic 24 species bacterial community	BioProject: 1, BioSample: 1	Released	2021-04-27	2021-04-26T13:33:11Z	2021-04-27T07:50:23Z	SUB9540694	H4-d17_R1.fastq.gz, H4-d17_R2.fastq.gz
SRR14323737	16S rRNA amplicon sequencing of synthetic 24 species bacterial community	BioProject: 1, BioSample: 1	Released	2021-04-27	2021-04-26T13:33:11Z	2021-04-27T07:50:23Z	SUB9540694	HPevo2-d45_R1.fastq.gz, HPevo2-d45_R2.fastq.gz
SRR14323738	16S rRNA amplicon sequencing of synthetic 24 species bacterial community	BioProject: 1, BioSample: 1	Released	2021-04-27	2021-04-26T13:33:11Z	2021-04-27T07:50:23Z	SUB9540694	HPevo2-d29_R1.fastq.gz, HPevo2-d29_R2.fastq.gz
SRR14323741	16S rRNA amplicon sequencing of synthetic 24 species bacterial community	BioProject: 1, BioSample: 1	Released	2021-04-27	2021-04-26T13:33:11Z	2021-04-27T07:50:23Z	SUB9540694	H3-d21_R1.fastq.gz, H3-d21_R2.fastq.gz
SRR14323742	16S rRNA amplicon sequencing of synthetic 24 species bacterial community	BioProject: 1, BioSample: 1	Released	2021-04-27	2021-04-26T13:33:11Z	2021-04-27T07:50:23Z	SUB9540694	H2-d17_R1.fastq.gz, H2-d17_R2.fastq.gz
SRR14323743	16S rRNA amplicon sequencing of synthetic 24 species bacterial community	BioProject: 1, BioSample: 1	Released	2021-04-27	2021-04-26T13:33:11Z	2021-04-27T07:50:23Z	SUB9540694	H2-d13_R1.fastq.gz, H2-d13_R2.fastq.gz
SRR14323744	16S rRNA amplicon sequencing of synthetic 24 species bacterial community	BioProject: 1, BioSample: 1	Released	2021-04-27	2021-04-26T13:33:11Z	2021-04-27T07:50:23Z	SUB9540694	HPevo2-d13_R1.fastq.gz, HPevo2-d13_R2.fastq.gz
SRR14323745	16S rRNA amplicon sequencing of synthetic 24 species bacterial community	BioProject: 1, BioSample: 1	Released	2021-04-27	2021-04-26T13:33:11Z	2021-04-27T07:50:23Z	SUB9540694	HPanc5-d9_R1.fastq.gz, HPanc5-d9_R2.fastq.gz
SRR14323746	16S rRNA amplicon sequencing of synthetic 24 species bacterial community	BioProject: 1, BioSample: 1	Released	2021-04-27	2021-04-26T13:33:11Z	2021-04-27T07:50:23Z	SUB9540694	HPanc5-d61_R1.fastq.gz, HPanc5-d61_R2.fastq.gz
SRR14323747	16S rRNA amplicon sequencing of synthetic 24 species bacterial community	BioProject: 1, BioSample: 1	Released	2021-04-27	2021-04-26T13:33:11Z	2021-04-27T07:50:23Z	SUB9540694	HPanc5-d5_R1.fastq.gz, HPanc5-d5_R2.fastq.gz
SRR14323748	16S rRNA amplicon sequencing of synthetic 24 species bacterial community	BioProject: 1, BioSample: 1	Released	2021-04-27	2021-04-26T13:33:11Z	2021-04-27T07:50:23Z	SUB9540694	HPanc5-d45_R1.fastq.gz, HPanc5-d45_R2.fastq.gz
SRR14323749	16S rRNA amplicon sequencing of synthetic 24 species bacterial community	BioProject: 1, BioSample: 1	Released	2021-04-27	2021-04-26T13:33:11Z	2021-04-27T07:50:23Z	SUB9540694	HPanc5-d29_R1.fastq.gz, HPanc5-d29_R2.fastq.gz
SRR14323750	16S rRNA amplicon sequencing of synthetic 24 species bacterial community	BioProject: 1, BioSample: 1	Released	2021-04-27	2021-04-26T13:33:12Z	2021-04-27T07:50:23Z	SUB9540694	H4-d13_R1.fastq.gz, H4-d13_R2.fastq.gz
SRR14323751	16S rRNA amplicon sequencing of synthetic 24 species bacterial community	BioProject: 1, BioSample: 1	Released	2021-04-27	2021-04-26T13:33:12Z	2021-04-27T07:50:23Z	SUB9540694	HPanc5-d21_R1.fastq.gz, HPanc5-d21_R2.fastq.gz
SRR14323752	16S rRNA amplicon sequencing of synthetic 24 species bacterial community	BioProject: 1, BioSample: 1	Released	2021-04-27	2021-04-26T13:33:12Z	2021-04-27T07:50:23Z	SUB9540694	HPanc5-d17_R1.fastq.gz, HPanc5-d17_R2.fastq.gz
SRR14323753	16S rRNA amplicon sequencing of synthetic 24 species bacterial community	BioProject: 1, BioSample: 1	Released	2021-04-27	2021-04-26T13:33:12Z	2021-04-27T07:50:23Z	SUB9540694	HPanc5-d13_R1.fastq.gz, HPanc5-d13_R2.fastq.gz
SRR14323716	16S rRNA amplicon sequencing of synthetic 24 species bacterial community	BioProject: 1, BioSample: 1	Released	2021-04-27	2021-04-26T13:33:10Z	2021-04-27T07:50:23Z	SUB9540694	HPevo4-d9_R1.fastq.gz, HPevo4-d9_R2.fastq.gz
SRR14323754	16S rRNA amplicon sequencing of synthetic 24 species bacterial community	BioProject: 1, BioSample: 1	Released	2021-04-27	2021-04-26T13:33:12Z	2021-04-27T07:50:23Z	SUB9540694	HPanc4-d9_R1.fastq.gz, HPanc4-d9_R2.fastq.gz
SRR14323755	16S rRNA amplicon sequencing of synthetic 24 species bacterial community	BioProject: 1, BioSample: 1	Released	2021-04-27	2021-04-26T13:33:12Z	2021-04-27T07:50:23Z	SUB9540694	HPanc4-d61_R1.fastq.gz, HPanc4-d61_R2.fastq.gz
SRR14323756	16S rRNA amplicon sequencing of synthetic 24 species bacterial community	BioProject: 1, BioSample: 1	Released	2021-04-27	2021-04-26T13:33:12Z	2021-04-27T07:50:23Z	SUB9540694	HPanc4-d5_R1.fastq.gz, HPanc4-d5_R2.fastq.gz
SRR14323757	16S rRNA amplicon sequencing of synthetic 24 species bacterial community	BioProject: 1, BioSample: 1	Released	2021-04-27	2021-04-26T13:33:12Z	2021-04-27T07:50:23Z	SUB9540694	HPanc4-d45_R1.fastq.gz, HPanc4-d45_R2.fastq.gz
SRR14323758	16S rRNA amplicon sequencing of synthetic 24 species bacterial community	BioProject: 1, BioSample: 1	Released	2021-04-27	2021-04-26T13:33:12Z	2021-04-27T07:50:23Z	SUB9540694	HPanc4-d29_R1.fastq.gz, HPanc4-d29_R2.fastq.gz
SRR14323760	16S rRNA amplicon sequencing of synthetic 24 species bacterial community	BioProject: 1, BioSample: 1	Released	2021-04-27	2021-04-26T13:33:12Z	2021-04-27T07:50:22Z	SUB9540694	HPanc4-d17_R1.fastq.gz, HPanc4-d17_R2.fastq.gz
SRR14323761	16S rRNA amplicon sequencing of synthetic 24 species bacterial community	BioProject: 1, BioSample: 1	Released	2021-04-27	2021-04-26T13:33:12Z	2021-04-27T07:50:22Z	SUB9540694	H3-d9_R1.fastq.gz, H3-d9_R2.fastq.gz
SRR14323762	16S rRNA amplicon sequencing of synthetic 24 species bacterial community	BioProject: 1, BioSample: 1	Released	2021-04-27	2021-04-26T13:33:12Z	2021-04-27T07:50:22Z	SUB9540694	HPanc4-d13_R1.fastq.gz, HPanc4-d13_R2.fastq.gz
SRR14323763	16S rRNA amplicon sequencing of synthetic 24 species bacterial community	BioProject: 1, BioSample: 1	Released	2021-04-27	2021-04-26T13:33:12Z	2021-04-27T07:50:22Z	SUB9540694	HPanc3-d9_R1.fastq.gz, HPanc3-d9_R2.fastq.gz
SRR14323646	16S rRNA amplicon sequencing of synthetic 24 species bacterial community	BioProject: 1, BioSample: 1	Released	2021-04-27	2021-04-26T13:33:04Z	2021-04-27T07:49:05Z	SUB9540694	HNPanc2-d5_R1.fastq.gz, HNPanc2-d5_R2.fastq.gz
SRR14323648	16S rRNA amplicon sequencing of synthetic 24 species bacterial community	BioProject: 1, BioSample: 1	Released	2021-04-27	2021-04-26T13:33:04Z	2021-04-27T07:49:05Z	SUB9540694	HNPanc2-d29_R1.fastq.gz, HNPanc2-d29_R2.fastq.gz
SRR14323649	16S rRNA amplicon sequencing of synthetic 24 species bacterial community	BioProject: 1, BioSample: 1	Released	2021-04-27	2021-04-26T13:33:04Z	2021-04-27T07:49:05Z	SUB9540694	HNPanc2-d21_R1.fastq.gz, HNPanc2-d21_R2.fastq.gz
SRR14323651	16S rRNA amplicon sequencing of synthetic 24 species bacterial community	BioProject: 1, BioSample: 1	Released	2021-04-27	2021-04-26T13:33:04Z	2021-04-27T07:49:05Z	SUB9540694	H2-d9_R1.fastq.gz, H2-d9_R2.fastq.gz
SRR14323652	16S rRNA amplicon sequencing of synthetic 24 species bacterial community	BioProject: 1, BioSample: 1	Released	2021-04-27	2021-04-26T13:33:04Z	2021-04-27T07:49:05Z	SUB9540694	HNPanc2-d13_R1.fastq.gz, HNPanc2-d13_R2.fastq.gz
SRR14323653	16S rRNA amplicon sequencing of synthetic 24 species bacterial community	BioProject: 1, BioSample: 1	Released	2021-04-27	2021-04-26T13:33:04Z	2021-04-27T07:49:05Z	SUB9540694	HN5-d9_R1.fastq.gz, HN5-d9_R2.fastq.gz
SRR14323654	16S rRNA amplicon sequencing of synthetic 24 species bacterial community	BioProject: 1, BioSample: 1	Released	2021-04-27	2021-04-26T13:33:04Z	2021-04-27T07:49:05Z	SUB9540694	HN5-d61_R1.fastq.gz, HN5-d61_R2.fastq.gz
SRR14323655	16S rRNA amplicon sequencing of synthetic 24 species bacterial community	BioProject: 1, BioSample: 1	Released	2021-04-27	2021-04-26T13:33:04Z	2021-04-27T07:49:05Z	SUB9540694	HN5-d5_R1.fastq.gz, HN5-d5_R2.fastq.gz
SRR14323656	16S rRNA amplicon sequencing of synthetic 24 species bacterial community	BioProject: 1, BioSample: 1	Released	2021-04-27	2021-04-26T13:33:05Z	2021-04-27T07:49:05Z	SUB9540694	HN5-d45_R1.fastq.gz, HN5-d45_R2.fastq.gz
SRR14323657	16S rRNA amplicon sequencing of synthetic 24 species bacterial community	BioProject: 1, BioSample: 1	Released	2021-04-27	2021-04-26T13:33:05Z	2021-04-27T07:49:05Z	SUB9540694	HN5-d29_R1.fastq.gz, HN5-d29_R2.fastq.gz
SRR14323658	16S rRNA amplicon sequencing of synthetic 24 species bacterial community	BioProject: 1, BioSample: 1	Released	2021-04-27	2021-04-26T13:33:05Z	2021-04-27T07:49:05Z	SUB9540694	HN5-d21_R1.fastq.gz, HN5-d21_R2.fastq.gz
SRR14323659	16S rRNA amplicon sequencing of synthetic 24 species bacterial community	BioProject: 1, BioSample: 1	Released	2021-04-27	2021-04-26T13:33:05Z	2021-04-27T07:49:05Z	SUB9540694	HN5-d17_R1.fastq.gz, HN5-d17_R2.fastq.gz
SRR14323660	16S rRNA amplicon sequencing of synthetic 24 species bacterial community	BioProject: 1, BioSample: 1	Released	2021-04-27	2021-04-26T13:33:05Z	2021-04-27T07:49:05Z	SUB9540694	HN5-d13_R1.fastq.gz, HN5-d13_R2.fastq.gz
SRR14323661	16S rRNA amplicon sequencing of synthetic 24 species bacterial community	BioProject: 1, BioSample: 1	Released	2021-04-27	2021-04-26T13:33:05Z	2021-04-27T07:49:05Z	SUB9540694	HN4-d9_R1.fastq.gz, HN4-d9_R2.fastq.gz
SRR14323639	16S rRNA amplicon sequencing of synthetic 24 species bacterial community	BioProject: 1, BioSample: 1	Released	2021-04-27	2021-04-26T13:33:03Z	2021-04-27T07:49:05Z	SUB9540694	HNPanc3-d29_R1.fastq.gz, HNPanc3-d29_R2.fastq.gz
SRR14323677	16S rRNA amplicon sequencing of synthetic 24 species bacterial community	BioProject: 1, BioSample: 1	Released	2021-04-27	2021-04-26T13:33:07Z	2021-04-27T07:49:04Z	SUB9540694	HN3-d17_R1.fastq.gz, HN3-d17_R2.fastq.gz
SRR14323678	16S rRNA amplicon sequencing of synthetic 24 species bacterial community	BioProject: 1, BioSample: 1	Released	2021-04-27	2021-04-26T13:33:07Z	2021-04-27T07:49:04Z	SUB9540694	HN3-d13_R1.fastq.gz, HN3-d13_R2.fastq.gz
SRR14323679	16S rRNA amplicon sequencing of synthetic 24 species bacterial community	BioProject: 1, BioSample: 1	Released	2021-04-27	2021-04-26T13:33:07Z	2021-04-27T07:49:04Z	SUB9540694	HN2-d9_R1.fastq.gz, HN2-d9_R2.fastq.gz
SRR14323680	16S rRNA amplicon sequencing of synthetic 24 species bacterial community	BioProject: 1, BioSample: 1	Released	2021-04-27	2021-04-26T13:33:08Z	2021-04-27T07:49:04Z	SUB9540694	HN2-d61_R1.fastq.gz, HN2-d61_R2.fastq.gz
SRR14323681	16S rRNA amplicon sequencing of synthetic 24 species bacterial community	BioProject: 1, BioSample: 1	Released	2021-04-27	2021-04-26T13:33:08Z	2021-04-27T07:49:04Z	SUB9540694	HN2-d5_R1.fastq.gz, HN2-d5_R2.fastq.gz
SRR14323682	16S rRNA amplicon sequencing of synthetic 24 species bacterial community	BioProject: 1, BioSample: 1	Released	2021-04-27	2021-04-26T13:33:08Z	2021-04-27T07:49:04Z	SUB9540694	HN2-d45_R1.fastq.gz, HN2-d45_R2.fastq.gz
SRR14323683	16S rRNA amplicon sequencing of synthetic 24 species bacterial community	BioProject: 1, BioSample: 1	Released	2021-04-27	2021-04-26T13:33:08Z	2021-04-27T07:49:04Z	SUB9540694	HN2-d29_R1.fastq.gz, HN2-d29_R2.fastq.gz
SRR14323684	16S rRNA amplicon sequencing of synthetic 24 species bacterial community	BioProject: 1, BioSample: 1	Released	2021-04-27	2021-04-26T13:33:08Z	2021-04-27T07:49:04Z	SUB9540694	H2-d45_R1.fastq.gz, H2-d45_R2.fastq.gz
SRR14323662	16S rRNA amplicon sequencing of synthetic 24 species bacterial community	BioProject: 1, BioSample: 1	Released	2021-04-27	2021-04-26T13:33:05Z	2021-04-27T07:49:04Z	SUB9540694	H2-d61_R1.fastq.gz, H2-d61_R2.fastq.gz
SRR14323663	16S rRNA amplicon sequencing of synthetic 24 species bacterial community	BioProject: 1, BioSample: 1	Released	2021-04-27	2021-04-26T13:33:05Z	2021-04-27T07:49:04Z	SUB9540694	HN4-d61_R1.fastq.gz, HN4-d61_R2.fastq.gz
SRR14323664	16S rRNA amplicon sequencing of synthetic 24 species bacterial community	BioProject: 1, BioSample: 1	Released	2021-04-27	2021-04-26T13:33:05Z	2021-04-27T07:49:04Z	SUB9540694	HN4-d5_R1.fastq.gz, HN4-d5_R2.fastq.gz
SRR14323665	16S rRNA amplicon sequencing of synthetic 24 species bacterial community	BioProject: 1, BioSample: 1	Released	2021-04-27	2021-04-26T13:33:05Z	2021-04-27T07:49:04Z	SUB9540694	HN4-d45_R1.fastq.gz, HN4-d45_R2.fastq.gz
SRR14323666	16S rRNA amplicon sequencing of synthetic 24 species bacterial community	BioProject: 1, BioSample: 1	Released	2021-04-27	2021-04-26T13:33:06Z	2021-04-27T07:49:04Z	SUB9540694	HN4-d29_R1.fastq.gz, HN4-d29_R2.fastq.gz
SRR14323667	16S rRNA amplicon sequencing of synthetic 24 species bacterial community	BioProject: 1, BioSample: 1	Released	2021-04-27	2021-04-26T13:33:06Z	2021-04-27T07:49:04Z	SUB9540694	HN4-d21_R1.fastq.gz, HN4-d21_R2.fastq.gz
SRR14323668	16S rRNA amplicon sequencing of synthetic 24 species bacterial community	BioProject: 1, BioSample: 1	Released	2021-04-27	2021-04-26T13:33:06Z	2021-04-27T07:49:04Z	SUB9540694	HN4-d17_R1.fastq.gz, HN4-d17_R2.fastq.gz
SRR14323669	16S rRNA amplicon sequencing of synthetic 24 species bacterial community	BioProject: 1, BioSample: 1	Released	2021-04-27	2021-04-26T13:33:06Z	2021-04-27T07:49:04Z	SUB9540694	HN4-d13_R1.fastq.gz, HN4-d13_R2.fastq.gz
SRR14323670	16S rRNA amplicon sequencing of synthetic 24 species bacterial community	BioProject: 1, BioSample: 1	Released	2021-04-27	2021-04-26T13:33:06Z	2021-04-27T07:49:04Z	SUB9540694	HN3-d9_R1.fastq.gz, HN3-d9_R2.fastq.gz
SRR14323671	16S rRNA amplicon sequencing of synthetic 24 species bacterial community	BioProject: 1, BioSample: 1	Released	2021-04-27	2021-04-26T13:33:06Z	2021-04-27T07:49:04Z	SUB9540694	HN3-d61_R1.fastq.gz, HN3-d61_R2.fastq.gz
SRR14323672	16S rRNA amplicon sequencing of synthetic 24 species bacterial community	BioProject: 1, BioSample: 1	Released	2021-04-27	2021-04-26T13:33:06Z	2021-04-27T07:49:04Z	SUB9540694	HN3-d5_R1.fastq.gz, HN3-d5_R2.fastq.gz
SRR14323673	16S rRNA amplicon sequencing of synthetic 24 species bacterial community	BioProject: 1, BioSample: 1	Released	2021-04-27	2021-04-26T13:33:07Z	2021-04-27T07:49:04Z	SUB9540694	H2-d5_R1.fastq.gz, H2-d5_R2.fastq.gz
SRR14323674	16S rRNA amplicon sequencing of synthetic 24 species bacterial community	BioProject: 1, BioSample: 1	Released	2021-04-27	2021-04-26T13:33:07Z	2021-04-27T07:49:04Z	SUB9540694	HN3-d45_R1.fastq.gz, HN3-d45_R2.fastq.gz
SRR14323675	16S rRNA amplicon sequencing of synthetic 24 species bacterial community	BioProject: 1, BioSample: 1	Released	2021-04-27	2021-04-26T13:33:07Z	2021-04-27T07:49:04Z	SUB9540694	HN3-d29_R1.fastq.gz, HN3-d29_R2.fastq.gz
SRR14323676	16S rRNA amplicon sequencing of synthetic 24 species bacterial community	BioProject: 1, BioSample: 1	Released	2021-04-27	2021-04-26T13:33:07Z	2021-04-27T07:49:04Z	SUB9540694	HN3-d21_R1.fastq.gz, HN3-d21_R2.fastq.gz
SRR14323647	16S rRNA amplicon sequencing of synthetic 24 species bacterial community	BioProject: 1, BioSample: 1	Released	2021-04-27	2021-04-26T13:33:04Z	2021-04-27T07:47:20Z	SUB9540694	HNPanc2-d45_R1.fastq.gz, HNPanc2-d45_R2.fastq.gz
SRR14323619	16S rRNA amplicon sequencing of synthetic 24 species bacterial community	BioProject: 1, BioSample: 1	Released	2021-04-27	2021-04-26T13:33:02Z	2021-04-27T07:47:20Z	SUB9540694	HNPanc5-d61_R1.fastq.gz, HNPanc5-d61_R2.fastq.gz
SRR14323620	16S rRNA amplicon sequencing of synthetic 24 species bacterial community	BioProject: 1, BioSample: 1	Released	2021-04-27	2021-04-26T13:33:02Z	2021-04-27T07:47:20Z	SUB9540694	HNPanc5-d5_R1.fastq.gz, HNPanc5-d5_R2.fastq.gz
SRR14323621	16S rRNA amplicon sequencing of synthetic 24 species bacterial community	BioProject: 1, BioSample: 1	Released	2021-04-27	2021-04-26T13:33:02Z	2021-04-27T07:47:20Z	SUB9540694	HNPanc5-d45_R1.fastq.gz, HNPanc5-d45_R2.fastq.gz
SRR14323622	16S rRNA amplicon sequencing of synthetic 24 species bacterial community	BioProject: 1, BioSample: 1	Released	2021-04-27	2021-04-26T13:33:02Z	2021-04-27T07:47:20Z	SUB9540694	HNPanc5-d29_R1.fastq.gz, HNPanc5-d29_R2.fastq.gz
SRR14323623	16S rRNA amplicon sequencing of synthetic 24 species bacterial community	BioProject: 1, BioSample: 1	Released	2021-04-27	2021-04-26T13:33:02Z	2021-04-27T07:47:20Z	SUB9540694	HNPanc5-d21_R1.fastq.gz, HNPanc5-d21_R2.fastq.gz
SRR14323624	16S rRNA amplicon sequencing of synthetic 24 species bacterial community	BioProject: 1, BioSample: 1	Released	2021-04-27	2021-04-26T13:33:02Z	2021-04-27T07:47:20Z	SUB9540694	HNPanc5-d17_R1.fastq.gz, HNPanc5-d17_R2.fastq.gz
SRR14323625	16S rRNA amplicon sequencing of synthetic 24 species bacterial community	BioProject: 1, BioSample: 1	Released	2021-04-27	2021-04-26T13:33:03Z	2021-04-27T07:47:20Z	SUB9540694	HNPanc5-d13_R1.fastq.gz, HNPanc5-d13_R2.fastq.gz
SRR14323626	16S rRNA amplicon sequencing of synthetic 24 species bacterial community	BioProject: 1, BioSample: 1	Released	2021-04-27	2021-04-26T13:33:03Z	2021-04-27T07:47:20Z	SUB9540694	HNPanc4-d9_R1.fastq.gz, HNPanc4-d9_R2.fastq.gz
SRR14323627	16S rRNA amplicon sequencing of synthetic 24 species bacterial community	BioProject: 1, BioSample: 1	Released	2021-04-27	2021-04-26T13:33:03Z	2021-04-27T07:47:20Z	SUB9540694	HNPanc4-d61_R1.fastq.gz, HNPanc4-d61_R2.fastq.gz
SRR14323629	16S rRNA amplicon sequencing of synthetic 24 species bacterial community	BioProject: 1, BioSample: 1	Released	2021-04-27	2021-04-26T13:33:03Z	2021-04-27T07:47:20Z	SUB9540694	H3-d17_R1.fastq.gz, H3-d17_R2.fastq.gz
SRR14323631	16S rRNA amplicon sequencing of synthetic 24 species bacterial community	BioProject: 1, BioSample: 1	Released	2021-04-27	2021-04-26T13:33:03Z	2021-04-27T07:47:20Z	SUB9540694	HNPanc4-d29_R1.fastq.gz, HNPanc4-d29_R2.fastq.gz
SRR14323632	16S rRNA amplicon sequencing of synthetic 24 species bacterial community	BioProject: 1, BioSample: 1	Released	2021-04-27	2021-04-26T13:33:03Z	2021-04-27T07:47:20Z	SUB9540694	HNPanc4-d21_R1.fastq.gz, HNPanc4-d21_R2.fastq.gz
SRR14323637	16S rRNA amplicon sequencing of synthetic 24 species bacterial community	BioProject: 1, BioSample: 1	Released	2021-04-27	2021-04-26T13:33:03Z	2021-04-27T07:47:20Z	SUB9540694	HNPanc3-d5_R1.fastq.gz, HNPanc3-d5_R2.fastq.gz
SRR14323640	16S rRNA amplicon sequencing of synthetic 24 species bacterial community	BioProject: 1, BioSample: 1	Released	2021-04-27	2021-04-26T13:33:04Z	2021-04-27T07:47:20Z	SUB9540694	H3-d13_R1.fastq.gz, H3-d13_R2.fastq.gz
