sample	samplecode	colony	code	pseudomonas_hist	tetra_hist	predation	replicate	summary_cat
AA1	AAA	no	AA1	ancestral	ancestral	yes	a	ANC_ANC
AA2	AAB	no	AA2	ancestral	ancestral	yes	b	ANC_ANC
AA3	AAC	no	AA3	ancestral	ancestral	yes	c	ANC_ANC
ACO1	AYA	no	ACO1	ancestral	coevolved	yes	a	ANC_COEVO
ACO2	AYB	no	ACO2	ancestral	coevolved	yes	b	ANC_COEVO
ACO3	AYC	no	ACO3	ancestral	coevolved	yes	c	ANC_COEVO
A01	ANA	no	A01	ancestral	no_tetra	no	a	ANC_NONE
A02	ANB	no	A02	ancestral	no_tetra	no	b	ANC_NONE
A03	ANC	no	A03	ancestral	no_tetra	no	c	ANC_NONE
CO1A	CAA	no	CO1A	coevolved	ancestral	yes	a	COEVO_ANC
CO2A	CAB	no	CO2A	coevolved	ancestral	yes	b	COEVO_ANC
CO3A	CAC	no	CO3A	coevolved	ancestral	yes	c	COEVO_ANC
CO1CO1	CYA	no	CO1CO1	coevolved	coevolved	yes	a	COEVO_COEVO
CO2CO2	CYB	no	CO2CO2	coevolved	coevolved	yes	b	COEVO_COEVO
CO3CO3	CYC	no	CO3CO3	coevolved	coevolved	yes	c	COEVO_COEVO
CO10	CNA	no	CO10	coevolved	no_tetra	no	a	COEVO_NONE
CO20	CNB	no	CO20	coevolved	no_tetra	no	b	COEVO_NONE
CO30	CNC	no	CO30	coevolved	no_tetra	no	c	COEVO_NONE
Y1A	EAA	no	Y1A	evolved	ancestral	yes	a	EVO_ANC
Y2A	EAB	no	Y2A	evolved	ancestral	yes	b	EVO_ANC
Y3A	EAC	no	Y3A	evolved	ancestral	yes	c	EVO_ANC
Y1CO1	EYA	no	Y1CO1	evolved	coevolved	yes	a	EVO_COEVO
Y2CO2	EYB	no	Y2CO2	evolved	coevolved	yes	b	EVO_COEVO
Y3CO3	EYC	no	Y3CO3	evolved	coevolved	yes	c	EVO_COEVO
Y10	ENA	no	Y10	evolved	no_tetra	no	a	EVO_NONE
Y20	ENB	no	Y20	evolved	no_tetra	no	b	EVO_NONE
Y30	ENC	no	Y30	evolved	no_tetra	no	c	EVO_NONE